Назва,Ціна - $(USD),Ціна - грн(UAH),Місто,Тип палива,Трансмісія,Тип приводу,Пропозиції,VIN-код,Фото,Посилання
Toyota RAV4 2021 Active 2.5 Hybrid e-CVT (218 к.с),35989,979981,Харків,Гібрид (2.5 л),Варіатор,Передній привід,Кредит до 3 років під 0%,Перевірений,https://cdn.riastatic.com/photosnewr/auto/new_auto_storage/toyota-rav4__1286612-341x224x70.jpg,https://auto.ria.com/newauto/auto-toyota-rav4-1863701.html
Toyota C-HR 2021 Active 1.8 Hybrid e-CVT (122 к.с),31152,848259,Кривий Ріг,Гібрид (1.8 л),Варіатор,Передній привід,Краща ціна / Кількість обмежена / Кредит до 3 років під 0%,Перевірений,https://cdn.riastatic.com/photosnewr/auto/new_auto_storage/toyota-c-hr__1265558-341x224x70.jpg,https://auto.ria.com/newauto/auto-toyota-c-hr-1861387.html
Toyota RAV4 2020 Active 2.5 Hybrid e-CVT (218 к.с),33851,921754,Кривий Ріг,Гібрид (2.5 л),Варіатор,Передній привід,Краща ціна / Кредит до 3 років під 0%,Перевірений,https://cdn.riastatic.com/photosnewr/auto/new_auto_storage/toyota-rav4__1266385-341x224x70.jpg,https://auto.ria.com/newauto/auto-toyota-rav4-1858116.html
Toyota Corolla 2021 Active 1.8 Hybrid e-CVT (122 к.с),27396,745998,Івано-Франківськ,Гібрид (1.8 л),Варіатор,Передній привід,Кредит до 3 років під 0%,Перевірений,https://cdn.riastatic.com/photosnewr/auto/new_auto_storage/toyota-corolla__1193912-341x224x70.jpg,https://auto.ria.com/newauto/auto-toyota-corolla-1859371.html
Toyota Camry 2021 Premium 2.5 Hybrid E-CVT (218 к.с),45206,1230955,Харків,Гібрид (2.5 л),Варіатор,Передній привід,Кількість обмежена / Кредит до 3 років під 0%,Перевірений,https://cdn.riastatic.com/photosnewr/auto/new_auto_storage/toyota-camry__1238472-341x224x70.jpg,https://auto.ria.com/newauto/auto-toyota-camry-1861540.html
Toyota Highlander 2021 Premium 3.5i Dual VVT-iW AT (249 к.с) DTC AWD-S,60748,1654165,Кривий Ріг,Бензин (3.5 л),Автомат,Повний привід,Кредит до 3 років під 0% / Під замовлення - 7 днів,Перевірений,https://cdn.riastatic.com/photosnewr/auto/new_auto_storage/toyota-highlander__1266143-341x224x70.jpg,https://auto.ria.com/newauto/auto-toyota-highlander-1860572.html
Toyota Camry 2021 Elegance+ 2.5 Hybrid e-CVT (218 к.с),35427,964671,Біла Церква,Гібрид (2.5 л),Варіатор,Передній привід,Кількість обмежена / Кредит до 3 років під 0%,Перевірений,https://cdn.riastatic.com/photosnewr/auto/new_auto_storage/toyota-camry__1272190-341x224x70.jpg,https://auto.ria.com/newauto/auto-toyota-camry-1863068.html
Toyota C-HR 2021 Active 2.0 Hybrid e-CVT (184 к.с),33534,913140,Біла Церква,Гібрид (2.0 л),Варіатор,Передній привід,Кредит до 3 років під 0%,Перевірений,https://cdn.riastatic.com/photosnewr/auto/new_auto_storage/toyota-c-hr__1257617-341x224x70.jpg,https://auto.ria.com/newauto/auto-toyota-c-hr-1862485.html
Toyota Proace City Verso 2021 Shuttle 1.5 D-4D 5MT (102 к.с) L1,25170,685389,Кривий Ріг,Дизель (1.5 л),Механічна,Передній привід,Кредит до 3 років під 0% / Під замовлення - 7 днів,Перевірений,https://cdn.riastatic.com/photosnewr/auto/new_auto_storage/toyota-proace-city-verso__1266708-341x224x70.jpg,https://auto.ria.com/newauto/auto-toyota-proace-city-verso-1862840.html
Toyota Camry 2021 Premium+ 2.5 Hybrid e-CVT (218 к.с),44278,1205692,Кривий Ріг,Гібрид (2.5 л),Варіатор,Передній привід,Кредит до 3 років під 0% / Під замовлення - 7 днів,Перевірений,https://cdn.riastatic.com/photosnewr/auto/new_auto_storage/toyota-camry__1265504-341x224x70.jpg,https://auto.ria.com/newauto/auto-toyota-camry-1860577.html
Toyota Corolla 2021 Active 1.8 Hybrid e-CVT (122 к.с),27033,736119,Кривий Ріг,Гібрид (1.8 л),Варіатор,Передній привід,Кредит до 3 років під 0%,Перевірений,https://cdn.riastatic.com/photosnewr/auto/new_auto_storage/toyota-corolla__1266290-341x224x70.jpg,https://auto.ria.com/newauto/auto-toyota-corolla-1858105.html
Toyota Camry 2021 Prestige+ 2.5 Hybrid e-CVT (218 к.с),37849,1030620,Біла Церква,Гібрид (2.5 л),Варіатор,Передній привід,Кредит до 3 років під 0%,Перевірений,https://cdn.riastatic.com/photosnewr/auto/new_auto_storage/toyota-camry__1244858-341x224x70.jpg,https://auto.ria.com/newauto/auto-toyota-camry-1861848.html
Toyota Yaris 2020 Active 1.5i Hybrid e-CVT (116 к.с),22576,614745,Кременчук,Гібрид (1.5 л),Варіатор,Передній привід,Кількість обмежена / Кредит до 3 років під 0%,Перевірений,https://cdn.riastatic.com/photosnewr/auto/new_auto_storage/toyota-yaris__1176900-341x224x70.jpg,https://auto.ria.com/newauto/auto-toyota-yaris-1851388.html
Toyota Camry 2021 Prestige+ 2.5 Hybrid e-CVT (218 к.с),37281,1015160,Кременчук,Гібрид (2.5 л),Варіатор,Передній привід,Краща ціна / Кредит до 3 років під 0%,Перевірений,https://cdn.riastatic.com/photosnewr/auto/new_auto_storage/toyota-camry__1252875-341x224x70.jpg,https://auto.ria.com/newauto/auto-toyota-camry-1862266.html
Toyota Proace City Verso 2021 Shuttle 1.5 D-4D 5MT (102 к.с) L2,25170,685389,Кременчук,Дизель (1.5 л),Механічна,Передній привід,Кількість обмежена / Кредит до 3 років під 0%,Перевірений,https://cdn.riastatic.com/photosnewr/auto/new_auto_storage/toyota-proace-city-verso__1261666-341x224x70.jpg,https://auto.ria.com/newauto/auto-toyota-proace-city-verso-1862649.html
Toyota C-HR 2021 GR Sport 2.0 Hybrid e-CVT (184 к.с),37113,1010595,Одеса,Гібрид (2.0 л),Варіатор,Передній привід,Кредит до 3 років під 0%,Перевірений,https://cdn.riastatic.com/photosnewr/auto/new_auto_storage/toyota-c-hr__1225476-341x224x70.jpg,https://auto.ria.com/newauto/auto-toyota-c-hr-1860723.html
Toyota RAV4 2021 Live 2.0 Dual VVT-i CVT (173 к.с),28396,773232,Івано-Франківськ,Бензин (2.0 л),Варіатор,Передній привід,Кількість обмежена / Кредит до 3 років під 0%,Перевірений,https://cdn.riastatic.com/photosnewr/auto/new_auto_storage/toyota-rav4__1266166-341x224x70.jpg,https://auto.ria.com/newauto/auto-toyota-rav4-1862813.html
Toyota Highlander 2021 Premium 3.5i Dual VVT-iW AT (249 к.с) DTC AWD-S,62283,1695967,Харків,Бензин (3.5 л),Автомат,Повний привід,Кількість обмежена / Кредит до 3 років під 0%,Перевірений,https://cdn.riastatic.com/photosnewr/auto/new_auto_storage/toyota-highlander__1286666-341x224x70.jpg,https://auto.ria.com/newauto/auto-toyota-highlander-1863703.html
Toyota Land Cruiser 200 2020 5.7 AT (385 к.с) 4WD,247873,6749610,Київ,Бензин (5.7 л),Тіптронік,Повний привід,Краща ціна / Реєстрація в салоні / Остання пропозиція / Кредит до 3 років під 0%,Перевірений,https://cdn.riastatic.com/photosnewr/auto/new_auto_storage/toyota-land-cruiser-200__861276-341x224x70.jpg,https://auto.ria.com/newauto/auto-toyota-land-cruiser-200-1838586.html
Toyota C-HR 2021 Active 1.2 D-4T Multidrive S (116 к.с),28747,782790,Одеса,Бензин (1.2 л),Варіатор,Передній привід,Краща ціна / Остання пропозиція / Кредит до 3 років під 0%,Перевірений,https://cdn.riastatic.com/photosnewr/auto/new_auto_storage/toyota-c-hr__1225345-341x224x70.jpg,https://auto.ria.com/newauto/auto-toyota-c-hr-1860818.html
Toyota RAV4 2021 Active 2.5 Hybrid e-CVT (218 к.с),33194,941709,Львів,Гібрид (2.5 л),Варіатор,Передній привід,Кредит до 3 років під 0%,Перевірений,https://cdn.riastatic.com/photosnewr/auto/new_auto_storage/toyota-rav4__1206766-341x224x70.jpg,https://auto.ria.com/newauto/auto-toyota-rav4-1859925.html
Toyota RAV4 2021 Active 2.0 Dual VVT-i CVT (173 к.с),29759,844254,Львів,Бензин (2.0 л),Варіатор,Передній привід,Кредит до 3 років під 0% / Під замовлення - 14 днів,Перевірений,https://cdn.riastatic.com/photosnewr/auto/new_auto_storage/toyota-rav4__844672-341x224x70.jpg,https://auto.ria.com/newauto/auto-toyota-rav4-1837579.html
Toyota C-HR 2021 GR Sport 2.0 Hybrid e-CVT (184 к.с),37113,1010595,Івано-Франківськ,Гібрид (2.0 л),Варіатор,Передній привід,Кредит до 3 років під 0%,Перевірений,https://cdn.riastatic.com/photosnewr/auto/new_auto_storage/toyota-c-hr__1149488-341x224x70.jpg,https://auto.ria.com/newauto/auto-toyota-c-hr-1857075.html
Toyota Land Cruiser 200 2020 base B6/B7 5.7 AT (381 к.с),224265,6106758,Київ,Бензин (5.7 л),Автомат,Повний привід,Краща ціна / Кількість обмежена / Кредит до 3 років під 0%,Перевірений,https://cdn.riastatic.com/photosnewr/auto/new_auto_storage/toyota-land-cruiser-200__1097716-341x224x70.jpg,https://auto.ria.com/newauto/auto-toyota-land-cruiser-200-1854093.html
Toyota Highlander 2021 Premium 3.5i Dual VVT-iW AT (249 к.с) DTV AWD-S,60744,1654065,Івано-Франківськ,Бензин (3.5 л),Автомат,Повний привід,Краща ціна / Кредит до 3 років під 0%,Перевірений,https://cdn.riastatic.com/photosnewr/auto/new_auto_storage/toyota-highlander__1247201-341x224x70.jpg,https://auto.ria.com/newauto/auto-toyota-highlander-1857762.html
Toyota Proace City Verso 2021 Shuttle 1.5 D-4D 5MT (102 к.с) L1,25170,685389,Харків,Дизель (1.5 л),Механічна,Передній привід,Кредит до 3 років під 0%,Перевірений,https://cdn.riastatic.com/photosnewr/auto/new_auto_storage/toyota-proace-city-verso__1286566-341x224x70.jpg,https://auto.ria.com/newauto/auto-toyota-proace-city-verso-1863699.html
Toyota Land Cruiser 200 2021 Premium 4.5D AT (249 к.с),195000,5309870,Київ,Дизель (4.5 л),Автомат,Повний привід,Краща ціна / Остання пропозиція / Кредит до 3 років під 0%,Перевірений,https://cdn.riastatic.com/photosnewr/auto/new_auto_storage/toyota-land-cruiser-200__1063147-341x224x70.jpg,https://auto.ria.com/newauto/auto-toyota-land-cruiser-200-1845198.html
Toyota Proace City Verso 2021 Shuttle 1.5 D-4D 5MT (102 к.с) L1,24435,665364,Івано-Франківськ,Дизель (1.5 л),Механічна,Передній привід,Краща ціна / Кредит до 3 років під 0%,Перевірений,https://cdn.riastatic.com/photosnewr/auto/new_auto_storage/toyota-proace-city-verso__1246367-341x224x70.jpg,https://auto.ria.com/newauto/auto-toyota-proace-city-verso-1861923.html
Toyota Highlander 2021 Premium 3.5i Dual VVT-iW AT (249 к.с) DTV AWD-S,58586,1662075,Львів,Бензин (3.5 л),Автомат,Повний привід,Кредит до 3 років під 0%,Перевірений,https://cdn.riastatic.com/photosnewr/auto/new_auto_storage/toyota-highlander__1282291-341x224x70.jpg,https://auto.ria.com/newauto/auto-toyota-highlander-1863516.html
Toyota C-HR 2021 Lounge 1.2 D-4T Multidrive S (116 к.с),30318,825564,Івано-Франківськ,Бензин (1.2 л),Варіатор,Передній привід,Краща ціна / Кількість обмежена / Кредит до 3 років під 0%,Перевірений,https://cdn.riastatic.com/photosnewr/auto/new_auto_storage/toyota-c-hr__1246475-341x224x70.jpg,https://auto.ria.com/newauto/auto-toyota-c-hr-1861924.html
Toyota Highlander 2021 Premium 3.5i Dual VVT-iW AT (249 к.с) DTV AWD-S,60744,1654065,Рівне,Бензин (3.5 л),Автомат,Повний привід,Кредит до 3 років під 0%,Перевірений,https://cdn.riastatic.com/photosnewr/auto/new_auto_storage/toyota-highlander__1280967-341x224x70.jpg,https://auto.ria.com/newauto/auto-toyota-highlander-1863451.html
Toyota Corolla 2021 Active 1.8 Hybrid e-CVT (122 к.с),27033,736119,Біла Церква,Гібрид (1.8 л),Варіатор,Передній привід,Краща ціна / Кредит до 3 років під 0%,Перевірений,https://cdn.riastatic.com/photosnewr/auto/new_auto_storage/toyota-corolla__1166846-341x224x70.jpg,https://auto.ria.com/newauto/auto-toyota-corolla-1857894.html
Toyota Sienna 2021 Limited Edition 3.5 AT (296 к.с) AWD,87777,2390177,Київ,Бензин (3.5 л),Автомат,Повний привід,Кредит до 3 років під 0% / Під замовлення - 60 днів,Перевірений,https://cdn.riastatic.com/photosnewr/auto/new_auto_storage/toyota-sienna__1060499-341x224x70.jpg,https://auto.ria.com/newauto/auto-toyota-sienna-1852010.html
Toyota Corolla 2021 Active 1.8 Hybrid e-CVT (122 к.с),27396,745998,Кременчук,Гібрид (1.8 л),Варіатор,Передній привід,Кредит до 3 років під 0% / Під замовлення - 30 днів,Перевірений,https://cdn.riastatic.com/photosnewr/auto/new_auto_storage/toyota-corolla__1173336-341x224x70.jpg,https://auto.ria.com/newauto/auto-toyota-corolla-1849169.html
Toyota Corolla 2021 Live 1.8 Hybrid e-CVT (122 к.с),24941,707550,Львів,Гібрид (1.8 л),Варіатор,Передній привід,Краща ціна / Остання пропозиція / Кредит до 3 років під 0%,Перевірений,https://cdn.riastatic.com/photosnewr/auto/new_auto_storage/toyota-corolla__1281180-341x224x70.jpg,https://auto.ria.com/newauto/auto-toyota-corolla-1863461.html
Toyota Proace City Verso 2021 Shuttle 1.5 D-4D 5MT (102 к.с) L1,25170,685389,Рівне,Дизель (1.5 л),Механічна,Передній привід,Кредит до 3 років під 0%,Перевірений,https://cdn.riastatic.com/photosnewr/auto/new_auto_storage/toyota-proace-city-verso__1289396-341x224x70.jpg,https://auto.ria.com/newauto/auto-toyota-proace-city-verso-1863841.html
Toyota Camry 2021 Prestige+ 2.5 Hybrid e-CVT (218 к.с),39377,1072232,Харків,Гібрид (2.5 л),Варіатор,Передній привід,Кредит до 3 років під 0%,Перевірений,https://cdn.riastatic.com/photosnewr/auto/new_auto_storage/toyota-camry__1238490-341x224x70.jpg,https://auto.ria.com/newauto/auto-toyota-camry-1861535.html
Toyota Land Cruiser 200 2021 base B6/B7 5.7 AT (381 к.с),224266,6106790,Київ,Бензин (5.7 л),Автомат,Повний привід,Реєстрація в салоні / Кількість обмежена / Кредит до 3 років під 0%,Перевірений,https://cdn.riastatic.com/photosnewr/auto/new_auto_storage/toyota-land-cruiser-200__886478-341x224x70.jpg,https://auto.ria.com/newauto/auto-toyota-land-cruiser-200-1840163.html
Toyota Sequoia 2021 Platinum 5.7 AT (381 к.с),114500,3117847,Київ,Бензин (5.7 л),Автомат,Повний привід,Реєстрація в салоні / Кредит до 3 років під 0% / Під замовлення - 45 днів,Перевірений,https://cdn.riastatic.com/photosnewr/auto/new_auto_storage/toyota-sequoia__877728-341x224x70.jpg,https://auto.ria.com/newauto/auto-toyota-sequoia-1856430.html
Toyota Camry 2021 Elegance+ 2.5 Hybrid e-CVT (218 к.с),35427,964671,Рівне,Гібрид (2.5 л),Варіатор,Передній привід,Кількість обмежена / Кредит до 3 років під 0%,Перевірений,https://cdn.riastatic.com/photosnewr/auto/new_auto_storage/toyota-camry__1284815-341x224x70.jpg,https://auto.ria.com/newauto/auto-toyota-camry-1863624.html
Toyota Proace City Verso 2021 Shuttle 1.5 D-4D 5MT (102 к.с) L2,24435,665364,Біла Церква,Дизель (1.5 л),Механічна,Передній привід,Краща ціна / Кількість обмежена / Кредит до 3 років під 0%,Перевірений,https://cdn.riastatic.com/photosnewr/auto/new_auto_storage/toyota-proace-city-verso__1246661-341x224x70.jpg,https://auto.ria.com/newauto/auto-toyota-proace-city-verso-1861932.html
Toyota Sequoia 2021 Platinum 5.7 AT (381 к.с),114999,3131434,Київ,Бензин (5.7 л),Автомат,Повний привід,Кредит до 3 років під 0% / Під замовлення - 60 днів,Перевірений,https://cdn.riastatic.com/photosnewr/auto/new_auto_storage/toyota-sequoia__821460-341x224x70.jpg,https://auto.ria.com/newauto/auto-toyota-sequoia-1835985.html
Toyota Sequoia 2021 TRD Sport 5.7 AT (381 к.с),115000,3131462,Київ,Бензин (5.7 л),Автомат,Повний привід,Кількість обмежена / Кредит до 3 років під 0%,Перевірений,https://cdn.riastatic.com/photosnewr/auto/new_auto_storage/toyota-sequoia__1244731-341x224x70.jpg,https://auto.ria.com/newauto/auto-toyota-sequoia-1861836.html
Toyota RAV4 2021 Active 2.5 Hybrid e-CVT (218 к.с),34005,925956,Рівне,Гібрид (2.5 л),Варіатор,Передній привід,Кредит до 3 років під 0% / Користується популярністю,Перевірений,https://cdn.riastatic.com/photosnewr/auto/new_auto_storage/toyota-rav4__1284852-341x224x70.jpg,https://auto.ria.com/newauto/auto-toyota-rav4-1863625.html
Toyota C-HR 2021 Active 2.0 Hybrid e-CVT (184 к.с),33318,907266,Кременчук,Гібрид (2.0 л),Варіатор,Передній привід,Кредит до 3 років під 0%,Перевірений,https://cdn.riastatic.com/photosnewr/auto/new_auto_storage/toyota-c-hr__1250733-341x224x70.jpg,https://auto.ria.com/newauto/auto-toyota-c-hr-1862136.html
Toyota Proace City Verso 2021 Shuttle 1.5 D-4D 6MT (102 к.с) L1,25265,687956,Київ,Дизель (1.5 л),Механічна,Передній привід,Краща ціна / Остання пропозиція / Кредит до 3 років під 0%,Перевірений,https://css.riastatic.com/images/demo/no-photo-380x250.jpg,https://auto.ria.com/newauto/auto-toyota-proace-city-verso-1862037.html
Toyota Proace Verso 2021 Prestige 2.0 D-4D 6AT (177 к.с) L1,52507,1429780,Київ,Дизель (2.0 л),Автомат,Передній привід,Краща ціна / Остання пропозиція / Кредит до 3 років під 0%,Перевірений,https://cdn.riastatic.com/photosnewr/auto/newauto_photos/toyota-proace-verso__853676-341x224x70.jpg,https://auto.ria.com/newauto/auto-toyota-proace-verso-1862036.html
Toyota Avalon 2021 Limited 3.5 VVT-iW AT (305 к.с) AWD,71999,1960540,Київ,Бензин (3.5 л),Автомат,Повний привід,Кредит до 3 років під 0% / Під замовлення - 60 днів,Перевірений,https://cdn.riastatic.com/photosnewr/auto/new_auto_storage/toyota-avalon__821358-341x224x70.jpg,https://auto.ria.com/newauto/auto-toyota-avalon-1835984.html
Toyota RAV4 2021 Active 2.5 Hybrid e-CVT (218 к.с),33477,949719,Львів,Гібрид (2.5 л),Варіатор,Передній привід,Кредит до 3 років під 0% / Під замовлення - 4 днів,Перевірений,https://cdn.riastatic.com/photosnewr/auto/new_auto_storage/toyota-rav4__1127167-341x224x70.jpg,https://auto.ria.com/newauto/auto-toyota-rav4-1855956.html
Toyota Land Cruiser 200 2020 base B6/B7 5.7 AT (381 к.с),247873,6749610,Київ,Бензин (5.7 л),Автомат,Повний привід,Кількість обмежена / Кредит до 3 років під 0%,Перевірений,https://cdn.riastatic.com/photosnewr/auto/new_auto_storage/toyota-land-cruiser-200__880321-341x224x70.jpg,https://auto.ria.com/newauto/auto-toyota-land-cruiser-200-1837055.html
Toyota Sequoia 2021 TRD Sport 5.7 AT (381 к.с),110000,2995311,Київ,Бензин (5.7 л),Автомат,Повний привід,Реєстрація в салоні / Кредит до 3 років під 0% / Під замовлення - 45 днів,Перевірений,https://cdn.riastatic.com/photosnewr/auto/new_auto_storage/toyota-sequoia__1135207-341x224x70.jpg,https://auto.ria.com/newauto/auto-toyota-sequoia-1856428.html
Toyota Sequoia 2021 TRD Sport 5.7 AT (381 к.с),114999,3131434,Київ,Бензин (5.7 л),Автомат,Повний привід,Краща ціна / Реєстрація в салоні / Кількість обмежена / Кредит до 3 років під 0%,Перевірений,https://cdn.riastatic.com/photosnewr/auto/new_auto_storage/toyota-sequoia__1256228-341x224x70.jpg,https://auto.ria.com/newauto/auto-toyota-sequoia-1862411.html
Toyota C-HR 2021 Lounge 1.8 Hybrid e-CVT (122 к.с),33152,902727,Полтава,Гібрид (1.8 л),Варіатор,Передній привід,Краща ціна / Остання пропозиція / Кредит до 3 років під 0%,Перевірений,https://cdn.riastatic.com/photosnewr/auto/new_auto_storage/toyota-c-hr__1266424-341x224x70.jpg,https://auto.ria.com/newauto/auto-toyota-c-hr-1862833.html
Toyota Land Cruiser 200 2020 5.7 AT (385 к.с) 4WD,236068,6428168,Київ,Бензин (5.7 л),Тіптронік,Повний привід,Кредит до 3 років під 0% / Під замовлення - 10 днів,Перевірений,https://cdn.riastatic.com/photosnewr/auto/new_auto_storage/toyota-land-cruiser-200__819104-341x224x70.jpg,https://auto.ria.com/newauto/auto-toyota-land-cruiser-200-1837054.html
Toyota Yaris 2020 Active 1.5i Hybrid e-CVT (116 к.с),22034,600000,Полтава,Гібрид (1.5 л),Варіатор,Передній привід,Краща ціна / Кількість обмежена / Кредит до 3 років під 0%,Перевірений,https://cdn.riastatic.com/photosnewr/auto/new_auto_storage/toyota-yaris__1198112-341x224x70.jpg,https://auto.ria.com/newauto/auto-toyota-yaris-1854979.html
Toyota Camry 2021 Premium+ 2.5 Hybrid e-CVT (218 к.с),42300,1151838,Полтава,Гібрид (2.5 л),Варіатор,Передній привід,Кількість обмежена / Кредит до 3 років під 0%,Перевірений,https://cdn.riastatic.com/photosnewr/auto/new_auto_storage/toyota-camry__1266525-341x224x70.jpg,https://auto.ria.com/newauto/auto-toyota-camry-1862834.html
Toyota Camry 2021 Premium+ 2.5 Hybrid e-CVT (218 к.с),42300,1151838,Кропивницький (Кіровоград),Гібрид (2.5 л),Варіатор,Передній привід,Кредит до 3 років під 0% / Під замовлення - 5 днів,Перевірений,https://cdn.riastatic.com/photosnewr/auto/new_auto_storage/toyota-camry__1216982-341x224x70.jpg,https://auto.ria.com/newauto/auto-toyota-camry-1860405.html
Toyota Highlander 2021 Premium 3.5i Dual VVT-iW AT (249 к.с) DTV AWD-S,60971,1660260,Одеса,Бензин (3.5 л),Автомат,Повний привід,Кредит до 3 років під 0%,Перевірений,https://cdn.riastatic.com/photosnewr/auto/new_auto_storage/toyota-highlander__887132-341x224x70.jpg,https://auto.ria.com/newauto/auto-toyota-highlander-1840279.html
Toyota C-HR 2021 Lounge 1.2 D-4T Multidrive S (116 к.с),30318,825564,Кривий Ріг,Бензин (1.2 л),Варіатор,Передній привід,Кількість обмежена / Кредит до 3 років під 0%,Перевірений,https://cdn.riastatic.com/photosnewr/auto/new_auto_storage/toyota-c-hr__1220657-341x224x70.jpg,https://auto.ria.com/newauto/auto-toyota-c-hr-1860575.html
Toyota Corolla 2021 Active 1.8 Hybrid e-CVT (122 к.с),27033,736119,Рівне,Гібрид (1.8 л),Варіатор,Передній привід,Кредит до 3 років під 0%,Перевірений,https://cdn.riastatic.com/photosnewr/auto/new_auto_storage/toyota-corolla__1246356-341x224x70.jpg,https://auto.ria.com/newauto/auto-toyota-corolla-1861922.html
Toyota Camry 2021 Comfort 2.5 D-4S АТ (207 к.с),28357,804471,Львів,Бензин (2.5 л),Автомат,Передній привід,Кредит до 3 років під 0% / Під замовлення - 30 днів,Перевірений,https://cdn.riastatic.com/photosnewr/auto/new_auto_storage/toyota-camry__1213900-341x224x70.jpg,https://auto.ria.com/newauto/auto-toyota-camry-1860259.html
Toyota C-HR 2021 Lounge 2.0 Hybrid e-CVT (184 к.с),37309,1015932,Одеса,Гібрид (2.0 л),Варіатор,Передній привід,Кількість обмежена / Кредит до 3 років під 0%,Перевірений,https://cdn.riastatic.com/photosnewr/auto/newauto_photos/toyota-c-hr__861976-341x224x70.jpg,https://auto.ria.com/newauto/auto-toyota-c-hr-1863114.html
Toyota C-HR 2021 Active 2.0 Hybrid e-CVT (184 к.с),35026,953751,Одеса,Гібрид (2.0 л),Варіатор,Передній привід,Кредит до 3 років під 0%,Перевірений,https://cdn.riastatic.com/photosnewr/auto/new_auto_storage/toyota-c-hr__1283908-341x224x70.jpg,https://auto.ria.com/newauto/auto-toyota-c-hr-1863112.html
Toyota Camry 2021 Prestige+ 2.5 Hybrid e-CVT (218 к.с),36611,1038630,Львів,Гібрид (2.5 л),Варіатор,Передній привід,Кредит до 3 років під 0% / Під замовлення - 7 днів,Перевірений,https://cdn.riastatic.com/photosnewr/auto/new_auto_storage/toyota-camry__1260009-341x224x70.jpg,https://auto.ria.com/newauto/auto-toyota-camry-1862587.html
Toyota Highlander 2021 Premium 3.5i Dual VVT-iW AT (249 к.с) DTV AWD-S,60983,1660560,Одеса,Бензин (3.5 л),Автомат,Повний привід,Кредит до 3 років під 0% / Під замовлення - 15 днів,Перевірений,https://cdn.riastatic.com/photosnewr/auto/new_auto_storage/toyota-highlander__887726-341x224x70.jpg,https://auto.ria.com/newauto/auto-toyota-highlander-1840307.html
Toyota C-HR 2021 GR Sport 2.0 Hybrid e-CVT (184 к.с),35622,1010595,Львів,Гібрид (2.0 л),Варіатор,Передній привід,Кредит до 3 років під 0%,Перевірений,https://cdn.riastatic.com/photosnewr/auto/new_auto_storage/toyota-c-hr__1261934-341x224x70.jpg,https://auto.ria.com/newauto/auto-toyota-c-hr-1862663.html
Toyota Highlander 2021 Premium 3.5i Dual VVT-iW AT (249 к.с) DTV AWD-S,60744,1654065,Кропивницький (Кіровоград),Бензин (3.5 л),Автомат,Повний привід,Кредит до 3 років під 0%,Перевірений,https://cdn.riastatic.com/photosnewr/auto/new_auto_storage/toyota-highlander__1274638-341x224x70.jpg,https://auto.ria.com/newauto/auto-toyota-highlander-1863176.html
Toyota C-HR 2021 GR Sport 2.0 Hybrid e-CVT (184 к.с),35077,995109,Львів,Гібрид (2.0 л),Варіатор,Передній привід,Кредит до 3 років під 0% / Під замовлення - 14 днів,Перевірений,https://cdn.riastatic.com/photosnewr/auto/new_auto_storage/toyota-c-hr__1188878-341x224x70.jpg,https://auto.ria.com/newauto/auto-toyota-c-hr-1859004.html
Toyota Camry 2021 Prestige+ 2.5 Hybrid e-CVT (218 к.с),38143,1038630,Одеса,Гібрид (2.5 л),Варіатор,Передній привід,Кредит до 3 років під 0%,Перевірений,https://cdn.riastatic.com/photosnewr/auto/newauto_photos/toyota-camry__1002396-341x224x70.jpg,https://auto.ria.com/newauto/auto-toyota-camry-1862026.html
Toyota Camry 2021 Prestige+ 2.5 Hybrid e-CVT (218 к.с),38143,1038630,Одеса,Гібрид (2.5 л),Варіатор,Передній привід,Кредит до 3 років під 0%,Перевірений,https://cdn.riastatic.com/photosnewr/auto/newauto_photos/toyota-camry__1002382-341x224x70.jpg,https://auto.ria.com/newauto/auto-toyota-camry-1862021.html
Toyota Camry 2021 Premium 2.5 Hybrid E-CVT (218 к.с),42300,1151838,Рівне,Гібрид (2.5 л),Варіатор,Передній привід,Краща ціна / Кількість обмежена / Кредит до 3 років під 0%,Перевірений,https://cdn.riastatic.com/photosnewr/auto/new_auto_storage/toyota-camry__1206026-341x224x70.jpg,https://auto.ria.com/newauto/auto-toyota-camry-1859882.html
Toyota Camry 2021 Premium+ 2.5 Hybrid e-CVT (218 к.с),40601,1151838,Львів,Гібрид (2.5 л),Варіатор,Передній привід,Кредит до 3 років під 0% / Під замовлення - 5 днів,Перевірений,https://cdn.riastatic.com/photosnewr/auto/new_auto_storage/toyota-camry__1210239-341x224x70.jpg,https://auto.ria.com/newauto/auto-toyota-camry-1860075.html
Toyota Proace Verso 2021 Shuttle 2.0 D-4D 6AT (150 к.с) L2,44111,1251429,Львів,Дизель (2.0 л),Автомат,Передній привід,Краща ціна / Остання пропозиція / Кредит до 3 років під 0%,Перевірений,https://cdn.riastatic.com/photosnewr/auto/new_auto_storage/toyota-proace-verso__1244608-341x224x70.jpg,https://auto.ria.com/newauto/auto-toyota-proace-verso-1861833.html
Toyota Highlander 2021 Premium 2.5h e-CVT (243 к.с) AWD,62819,1710571,Одеса,Гібрид (2.5 л),Варіатор,Повний привід,Кредит до 3 років під 0% / Під замовлення - 30 днів,Перевірений,https://cdn.riastatic.com/photosnewr/auto/new_auto_storage/toyota-highlander__1225658-341x224x70.jpg,https://auto.ria.com/newauto/auto-toyota-highlander-1860836.html
Toyota Proace City Verso 2021 Shuttle 1.5 D-4D 5MT (102 к.с) L2,23454,665364,Львів,Дизель (1.5 л),Механічна,Передній привід,Кредит до 3 років під 0% / Під замовлення - 3 днів,Перевірений,https://cdn.riastatic.com/photosnewr/auto/new_auto_storage/toyota-proace-city-verso__1244363-341x224x70.jpg,https://auto.ria.com/newauto/auto-toyota-proace-city-verso-1861821.html
Toyota Proace City Verso 2021 Shuttle 1.5 D-4D 5MT (102 к.с) L1,25170,685389,Кропивницький (Кіровоград),Дизель (1.5 л),Механічна,Передній привід,Кредит до 3 років під 0%,Перевірений,https://cdn.riastatic.com/photosnewr/auto/new_auto_storage/toyota-proace-city-verso__1274642-341x224x70.jpg,https://auto.ria.com/newauto/auto-toyota-proace-city-verso-1863177.html
Toyota RAV4 2021 Active 2.5 Hybrid e-CVT (218 к.с),36418,991676,Київ,Гібрид (2.5 л),Варіатор,Передній привід,Кредит до 3 років під 0%,Перевірений,https://cdn.riastatic.com/photosnewr/auto/new_auto_storage/toyota-rav4__580365-341x224x70.jpg,https://auto.ria.com/newauto/auto-toyota-rav4-1862029.html
Toyota RAV4 2021 Active 2.0 Dual VVT-i CVT (173 к.с),31004,844254,Рівне,Бензин (2.0 л),Варіатор,Передній привід,Кількість обмежена / Кредит до 3 років під 0%,Перевірений,https://cdn.riastatic.com/photosnewr/auto/new_auto_storage/toyota-rav4__1222831-341x224x70.jpg,https://auto.ria.com/newauto/auto-toyota-rav4-1860664.html
Toyota RAV4 2021 Active 2.0 Dual VVT-i CVT (173 к.с),29204,828501,Львів,Бензин (2.0 л),Варіатор,Передній привід,Кредит до 3 років під 0% / Під замовлення - 30 днів,Перевірений,https://cdn.riastatic.com/photosnewr/auto/new_auto_storage/toyota-rav4__1206757-341x224x70.jpg,https://auto.ria.com/newauto/auto-toyota-rav4-1859924.html
Toyota RAV4 2021 Active 2.0 Dual VVT-i CVT (173 к.с),31237,850578,Одеса,Бензин (2.0 л),Варіатор,Передній привід,Кількість обмежена / Кредит до 3 років під 0%,Перевірений,https://cdn.riastatic.com/photosnewr/auto/new_auto_storage/toyota-rav4__1223790-341x224x70.jpg,https://auto.ria.com/newauto/auto-toyota-rav4-1860727.html
Toyota RAV4 2021 Active 2.0 Dual VVT-i CVT (173 к.с),31237,850578,Одеса,Бензин (2.0 л),Варіатор,Передній привід,Кількість обмежена / Кредит до 3 років під 0%,Перевірений,https://cdn.riastatic.com/photosnewr/auto/new_auto_storage/toyota-rav4__1223790-341x224x70.jpg,https://auto.ria.com/newauto/auto-toyota-rav4-1860727.html
Toyota Corolla 2021 Active 1.8 Hybrid e-CVT (122 к.с),27396,745998,Кропивницький (Кіровоград),Гібрид (1.8 л),Варіатор,Передній привід,Кредит до 3 років під 0%,Перевірений,https://cdn.riastatic.com/photosnewr/auto/new_auto_storage/toyota-corolla__1217062-341x224x70.jpg,https://auto.ria.com/newauto/auto-toyota-corolla-1860410.html
Toyota C-HR 2021 GR Sport 2.0 Hybrid e-CVT (184 к.с),37329,1016469,Кропивницький (Кіровоград),Гібрид (2.0 л),Варіатор,Передній привід,Кредит до 3 років під 0%,Перевірений,https://cdn.riastatic.com/photosnewr/auto/new_auto_storage/toyota-c-hr__1217073-341x224x70.jpg,https://auto.ria.com/newauto/auto-toyota-c-hr-1860411.html
Toyota Proace Verso 2021 Shuttle 2.0 D-4D 6MT (150 к.с) L2,41045,1117662,Кропивницький (Кіровоград),Дизель (2.0 л),Механічна,Передній привід,Кількість обмежена / Кредит до 3 років під 0%,Перевірений,https://cdn.riastatic.com/photosnewr/auto/new_auto_storage/toyota-proace-verso__1216994-341x224x70.jpg,https://auto.ria.com/newauto/auto-toyota-proace-verso-1860406.html
Toyota Camry 2021 Premium+ 2.5 Hybrid e-CVT (218 к.с),42617,1160466,Одеса,Гібрид (2.5 л),Варіатор,Передній привід,Кількість обмежена / Кредит до 3 років під 0%,Перевірений,https://cdn.riastatic.com/photosnewr/auto/new_auto_storage/toyota-camry__1223810-341x224x70.jpg,https://auto.ria.com/newauto/auto-toyota-camry-1860730.html
Toyota Camry 2021 Comfort 2.5 D-4S АТ (207 к.с),29765,810497,Одеса,Бензин (2.5 л),Автомат,Передній привід,Краща ціна / Кількість обмежена / Кредит до 3 років під 0%,Перевірений,https://cdn.riastatic.com/photosnewr/auto/new_auto_storage/toyota-camry__1223811-341x224x70.jpg,https://auto.ria.com/newauto/auto-toyota-camry-1860731.html
Toyota Highlander 2021 Premium 3.5i Dual VVT-iW AT (249 к.с) DTC AWD-S,61038,1662075,Одеса,Бензин (3.5 л),Автомат,Повний привід,Кількість обмежена / Кредит до 3 років під 0%,Перевірений,https://cdn.riastatic.com/photosnewr/auto/new_auto_storage/toyota-highlander__1232788-341x224x70.jpg,https://auto.ria.com/newauto/auto-toyota-highlander-1861147.html
Toyota Camry 2021 Prestige 2.5 Hybrid E-CVT (218 к.с),37990,1034480,Київ,Гібрид (2.5 л),Варіатор,Передній привід,Краща ціна / Остання пропозиція / Кредит до 3 років під 0%,Перевірений,https://cdn.riastatic.com/photosnewr/auto/new_auto_storage/toyota-camry__580358-341x224x70.jpg,https://auto.ria.com/newauto/auto-toyota-camry-1862031.html
Toyota C-HR 2021 GR Sport 2.0 Hybrid e-CVT (184 к.с),36681,998836,Київ,Гібрид (2.0 л),Варіатор,Передній привід,Краща ціна / Кредит до 3 років під 0%,Перевірений,https://cdn.riastatic.com/photosnewr/auto/newauto_photos/toyota-c-hr__861983-341x224x70.jpg,https://auto.ria.com/newauto/auto-toyota-c-hr-1862034.html
Toyota Camry 2021 Prestige+ 2.5 Hybrid e-CVT (218 к.с),38548,1049667,Київ,Гібрид (2.5 л),Варіатор,Передній привід,Кредит до 3 років під 0%,Перевірений,https://cdn.riastatic.com/photosnewr/auto/new_auto_storage/toyota-camry__1269999-341x224x70.jpg,https://auto.ria.com/newauto/auto-toyota-camry-1862977.html
Toyota Camry 2021 Premium+ 2.5 Hybrid e-CVT (218 к.с),42006,1143828,Миколаїв,Гібрид (2.5 л),Варіатор,Передній привід,Краща ціна / Кількість обмежена / Кредит до 3 років під 0%,Перевірений,https://cdn.riastatic.com/photosnewr/auto/new_auto_storage/toyota-camry__1251864-341x224x70.jpg,https://auto.ria.com/newauto/auto-toyota-camry-1860067.html
Toyota Proace Verso 2021 Shuttle 2.0 D-4D 6AT (150 к.с) L1,45958,1251429,Київ,Дизель (2.0 л),Автомат,Передній привід,Кількість обмежена / Кредит до 3 років під 0%,Перевірений,https://cdn.riastatic.com/photosnewr/auto/new_auto_storage/toyota-proace-verso__1226042-341x224x70.jpg,https://auto.ria.com/newauto/auto-toyota-proace-verso-1860856.html
Toyota Camry 2021 Elegance+ 2.5 Hybrid e-CVT (218 к.с),35427,964671,Миколаїв,Гібрид (2.5 л),Варіатор,Передній привід,Краща ціна / Кількість обмежена / Кредит до 3 років під 0%,Перевірений,https://cdn.riastatic.com/photosnewr/auto/new_auto_storage/toyota-camry__1273689-341x224x70.jpg,https://auto.ria.com/newauto/auto-toyota-camry-1860846.html
Toyota Camry 2021 Elegance+ 2.5 Hybrid e-CVT (218 к.с),36110,983276,Київ,Гібрид (2.5 л),Варіатор,Передній привід,Кількість обмежена / Кредит до 3 років під 0%,Перевірений,https://cdn.riastatic.com/photosnewr/auto/new_auto_storage/toyota-camry__1271985-341x224x70.jpg,https://auto.ria.com/newauto/auto-toyota-camry-1863058.html
Toyota Proace Verso 2021 Shuttle 2.0 D-4D 6MT (150 к.с) L2,41045,1117662,Запоріжжя,Дизель (2.0 л),Механічна,Передній привід,Краща ціна / Кількість обмежена / Кредит до 3 років під 0%,Перевірений,https://cdn.riastatic.com/photosnewr/auto/new_auto_storage/toyota-proace-verso__1263769-341x224x70.jpg,https://auto.ria.com/newauto/auto-toyota-proace-verso-1778546.html
Toyota Camry 2021 Premium 2.5 D-4S АТ (207 к.с),39211,1067733,Київ,Бензин (2.5 л),Автомат,Передній привід,Краща ціна / Остання пропозиція / Кредит до 3 років під 0%,Перевірений,https://cdn.riastatic.com/photosnewr/auto/new_auto_storage/toyota-camry__1289483-341x224x70.jpg,https://auto.ria.com/newauto/auto-toyota-camry-1863843.html
Toyota Proace Verso 2021 Prestige 2.0 D-4D 6AT (150 к.с) L1,52310,1424400,Київ,Дизель (2.0 л),Автомат,Передній привід,Краща ціна / Остання пропозиція / Кредит до 3 років під 0%,Перевірений,https://cdn.riastatic.com/photosnewr/auto/new_auto_storage/toyota-proace-verso__1215737-341x224x70.jpg,https://auto.ria.com/newauto/auto-toyota-proace-verso-1860344.html
Toyota C-HR 2021 Active 2.0 Hybrid e-CVT (184 к.с),34032,926684,Київ,Гібрид (2.0 л),Варіатор,Передній привід,Кредит до 3 років під 0%,Перевірений,https://cdn.riastatic.com/photosnewr/auto/new_auto_storage/toyota-c-hr__1256969-341x224x70.jpg,https://auto.ria.com/newauto/auto-toyota-c-hr-1846724.html
Toyota Proace Verso 2021 Shuttle 2.0 D-4D 6AT (150 к.с) L1,42143,1147566,Миколаїв,Дизель (2.0 л),Автомат,Передній привід,Краща ціна / Кількість обмежена / Кредит до 3 років під 0%,Перевірений,https://cdn.riastatic.com/photosnewr/auto/new_auto_storage/toyota-proace-verso__1224641-341x224x70.jpg,https://auto.ria.com/newauto/auto-toyota-proace-verso-1860784.html
Toyota C-HR 2021 Active 2.0 Hybrid e-CVT (184 к.с),33318,907266,Київ,Гібрид (2.0 л),Варіатор,Передній привід,Кредит до 3 років під 0%,Перевірений,https://cdn.riastatic.com/photosnewr/auto/new_auto_storage/toyota-c-hr__1256669-341x224x70.jpg,https://auto.ria.com/newauto/auto-toyota-c-hr-1862428.html
Toyota RAV4 2021 Live 2.0 Dual VVT-i CVT (173 к.с),29139,793455,Київ,Бензин (2.0 л),Варіатор,Передній привід,Кількість обмежена / Кредит до 3 років під 0%,Перевірений,https://cdn.riastatic.com/photosnewr/auto/new_auto_storage/toyota-rav4__1275870-341x224x70.jpg,https://auto.ria.com/newauto/auto-toyota-rav4-1863227.html
Toyota RAV4 2021 Premium 2.0 Dual VVT-i CVT (173 к.с) AWD,41095,1119033,Київ,Бензин (2.0 л),Варіатор,Повний привід,Краща ціна / Остання пропозиція / Кредит до 3 років під 0%,Перевірений,https://cdn.riastatic.com/photosnewr/auto/new_auto_storage/toyota-rav4__1264450-341x224x70.jpg,https://auto.ria.com/newauto/auto-toyota-rav4-1862749.html
Toyota Camry 2021 Prestige+ 2.5 Hybrid e-CVT (218 к.с),37849,1030620,Київ,Гібрид (2.5 л),Варіатор,Передній привід,Кредит до 3 років під 0%,Перевірений,https://cdn.riastatic.com/photosnewr/auto/new_auto_storage/toyota-camry__1289616-341x224x70.jpg,https://auto.ria.com/newauto/auto-toyota-camry-1863850.html
Toyota Land Cruiser Prado 2021 Prestige 2.8 D-4D AT (200 к.с) 4WD,62444,1700345,Київ,Дизель (2.8 л),Автомат,Повний привід,Краща ціна / Остання пропозиція / Кредит до 3 років під 0%,Перевірений,https://cdn.riastatic.com/photosnewr/auto/new_auto_storage/toyota-land-cruiser-prado__1285438-341x224x70.jpg,https://auto.ria.com/newauto/auto-toyota-land-cruiser-prado-1863656.html
Toyota C-HR 2021 GR Sport 2.0 Hybrid e-CVT (184 к.с),37113,1010595,Миколаїв,Гібрид (2.0 л),Варіатор,Передній привід,Кредит до 3 років під 0%,Перевірений,https://cdn.riastatic.com/photosnewr/auto/new_auto_storage/toyota-c-hr__1169940-341x224x70.jpg,https://auto.ria.com/newauto/auto-toyota-c-hr-1858056.html
Toyota Corolla 2021 Active 1.6 AT (132 к.с),24974,680049,Київ,Бензин (1.6 л),Варіатор,Передній привід,Краща ціна / Кількість обмежена / Кредит до 3 років під 0%,Перевірений,https://cdn.riastatic.com/photosnewr/auto/new_auto_storage/toyota-corolla__1284911-341x224x70.jpg,https://auto.ria.com/newauto/auto-toyota-corolla-1863628.html
Toyota C-HR 2021 Lounge 1.2 D-4T Multidrive S (116 к.с),30842,839839,Київ,Бензин (1.2 л),Варіатор,Передній привід,Кількість обмежена / Кредит до 3 років під 0%,Перевірений,https://cdn.riastatic.com/photosnewr/auto/new_auto_storage/toyota-c-hr__1238493-341x224x70.jpg,https://auto.ria.com/newauto/auto-toyota-c-hr-1861541.html
Toyota Camry 2021 Premium+ 2.5 Hybrid e-CVT (218 к.с),42617,1160466,Харків,Гібрид (2.5 л),Варіатор,Передній привід,Кількість обмежена / Кредит до 3 років під 0%,Перевірений,https://cdn.riastatic.com/photosnewr/auto/new_auto_storage/toyota-camry__1261182-341x224x70.jpg,https://auto.ria.com/newauto/auto-toyota-camry-1862634.html
Toyota C-HR 2021 Premium 2.0 Hybrid e-CVT (184 к.с),37297,1015593,Київ,Гібрид (2.0 л),Варіатор,Передній привід,Краща ціна / Остання пропозиція / Кредит до 3 років під 0%,Перевірений,https://cdn.riastatic.com/photosnewr/auto/new_auto_storage/toyota-c-hr__1119593-341x224x70.jpg,https://auto.ria.com/newauto/auto-toyota-c-hr-1855624.html
Toyota Corolla 2021 GR Sport 1.6 AT (132 к.с),28475,775368,Київ,Бензин (1.6 л),Варіатор,Передній привід,Краща ціна / Остання пропозиція / Кредит до 3 років під 0%,Перевірений,https://cdn.riastatic.com/photosnewr/auto/new_auto_storage/toyota-corolla__1227141-341x224x70.jpg,https://auto.ria.com/newauto/auto-toyota-corolla-1860908.html
Toyota Corolla 2021 Active 1.8 Hybrid e-CVT (122 к.с),27700,754275,Київ,Гібрид (1.8 л),Варіатор,Передній привід,Кредит до 3 років під 0%,Перевірений,https://cdn.riastatic.com/photosnewr/auto/new_auto_storage/toyota-corolla__1146334-341x224x70.jpg,https://auto.ria.com/newauto/auto-toyota-corolla-1856914.html
Toyota C-HR 2021 GR Sport 2.0 Hybrid e-CVT (184 к.с),37795,1029154,Київ,Гібрид (2.0 л),Варіатор,Передній привід,Кредит до 3 років під 0%,Перевірений,https://cdn.riastatic.com/photosnewr/auto/new_auto_storage/toyota-c-hr__1256617-341x224x70.jpg,https://auto.ria.com/newauto/auto-toyota-c-hr-1860882.html
Toyota Proace City Verso 2021 Shuttle 1.5 D-4D 5MT (102 к.с) L1,25170,685389,Київ,Дизель (1.5 л),Механічна,Передній привід,Кредит до 3 років під 0%,Перевірений,https://cdn.riastatic.com/photosnewr/auto/new_auto_storage/toyota-proace-city-verso__1254400-341x224x70.jpg,https://auto.ria.com/newauto/auto-toyota-proace-city-verso-1862322.html
Toyota RAV4 2021 Active 2.0 Dual VVT-i CVT (173 к.с) AWD,34685,944487,Харків,Бензин (2.0 л),Варіатор,Повний привід,Краща ціна / Остання пропозиція / Кредит до 3 років під 0%,Перевірений,https://cdn.riastatic.com/photosnewr/auto/new_auto_storage/toyota-rav4__1261461-341x224x70.jpg,https://auto.ria.com/newauto/auto-toyota-rav4-1862642.html
Toyota Corolla 2021 Active 1.8 Hybrid e-CVT (122 к.с),28265,769671,Київ,Гібрид (1.8 л),Варіатор,Передній привід,Кредит до 3 років під 0%,Перевірений,https://cdn.riastatic.com/photosnewr/auto/new_auto_storage/toyota-corolla__1178838-341x224x70.jpg,https://auto.ria.com/newauto/auto-toyota-corolla-1843561.html
Toyota Camry 2021 Elegance 2.5 D-4S АТ (207 к.с),33458,911062,Київ,Бензин (2.5 л),Автомат,Передній привід,Краща ціна / Остання пропозиція / Кредит до 3 років під 0%,Перевірений,https://cdn.riastatic.com/photosnewr/auto/new_auto_storage/toyota-camry__1285389-341x224x70.jpg,https://auto.ria.com/newauto/auto-toyota-camry-1863653.html
Toyota Highlander 2021 Premium 3.5i Dual VVT-iW AT (249 к.с) DTV AWD-S,60744,1654065,Миколаїв,Бензин (3.5 л),Автомат,Повний привід,Кредит до 3 років під 0%,Перевірений,https://cdn.riastatic.com/photosnewr/auto/new_auto_storage/toyota-highlander__1272934-341x224x70.jpg,https://auto.ria.com/newauto/auto-toyota-highlander-1863104.html
Toyota Highlander 2021 Premium 3.5i Dual VVT-iW AT (249 к.с) DTV AWD-S,62327,1697179,Київ,Бензин (3.5 л),Автомат,Повний привід,Кредит до 3 років під 0%,Перевірений,https://cdn.riastatic.com/photosnewr/auto/new_auto_storage/toyota-highlander__1283448-341x224x70.jpg,https://auto.ria.com/newauto/auto-toyota-highlander-1863568.html
Toyota Yaris 2021 Elegant 1.5i Hybrid e-CVT (116 к.с),25019,681266,Київ,Гібрид (1.5 л),Варіатор,Передній привід,Краща ціна / Остання пропозиція / Кредит до 3 років під 0%,Перевірений,https://cdn.riastatic.com/photosnewr/auto/new_auto_storage/toyota-yaris__1275648-341x224x70.jpg,https://auto.ria.com/newauto/auto-toyota-yaris-1863216.html
Toyota Camry 2021 XSE 3.5i TRD AT (302 к.с),48900,1331552,Київ,Бензин (3.5 л),Автомат,Передній привід,Краща ціна / Остання пропозиція / Кредит до 3 років під 0%,Перевірений,https://cdn.riastatic.com/photosnewr/auto/new_auto_storage/toyota-camry__896319-341x224x70.jpg,https://auto.ria.com/newauto/auto-toyota-camry-1840795.html
Toyota Corolla 2021 Active 1.8 Hybrid e-CVT (122 к.с),27499,748792,Харків,Гібрид (1.8 л),Варіатор,Передній привід,Кредит до 3 років під 0%,Перевірений,https://cdn.riastatic.com/photosnewr/auto/new_auto_storage/toyota-corolla__1261215-341x224x70.jpg,https://auto.ria.com/newauto/auto-toyota-corolla-1862636.html
Toyota RAV4 2021 Live 2.0 Dual VVT-i CVT (173 к.с),28218,768370,Київ,Бензин (2.0 л),Варіатор,Передній привід,Краща ціна / Кількість обмежена / Кредит до 3 років під 0%,Перевірений,https://cdn.riastatic.com/photosnewr/auto/new_auto_storage/toyota-rav4__1275715-341x224x70.jpg,https://auto.ria.com/newauto/auto-toyota-rav4-1863220.html
Toyota Camry 2021 Comfort 2.5 D-4S АТ (207 к.с),29765,810500,Харків,Бензин (2.5 л),Автомат,Передній привід,Кількість обмежена / Кредит до 3 років під 0%,Перевірений,https://cdn.riastatic.com/photosnewr/auto/new_auto_storage/toyota-camry__1251465-341x224x70.jpg,https://auto.ria.com/newauto/auto-toyota-camry-1862163.html
Toyota C-HR 2021 Active 2.0 Hybrid e-CVT (184 к.с),33316,907200,Київ,Гібрид (2.0 л),Варіатор,Передній привід,Краща ціна / Кредит до 3 років під 0%,Перевірений,https://cdn.riastatic.com/photosnewr/auto/new_auto_storage/toyota-c-hr__1182021-341x224x70.jpg,https://auto.ria.com/newauto/auto-toyota-c-hr-1858590.html
Toyota Highlander 2021 Premium 3.5i Dual VVT-iW AT (249 к.с) DTC AWD-S,61730,1680922,Київ,Бензин (3.5 л),Автомат,Повний привід,Кількість обмежена / Кредит до 3 років під 0%,Перевірений,https://cdn.riastatic.com/photosnewr/auto/new_auto_storage/toyota-highlander__1179075-341x224x70.jpg,https://auto.ria.com/newauto/auto-toyota-highlander-1858473.html
Toyota Proace City Verso 2021 1.5 D-4D 5MT (102 к.с) L2,25170,685389,Миколаїв,Дизель (1.5 л),Механічна,Передній привід,Краща ціна / Остання пропозиція / Кредит до 3 років під 0%,Перевірений,https://cdn.riastatic.com/photosnewr/auto/new_auto_storage/toyota-proace-city-verso__1238869-341x224x70.jpg,https://auto.ria.com/newauto/auto-toyota-proace-city-verso-1861556.html
Toyota C-HR 2021 Active 1.8 Hybrid e-CVT (122 к.с),31268,851436,Дніпро (Дніпропетровськ),Гібрид (1.8 л),Варіатор,Передній привід,Кількість обмежена / Кредит до 3 років під 0%,Перевірений,https://cdn.riastatic.com/photosnewr/auto/new_auto_storage/toyota-c-hr__1290919-341x224x70.jpg,https://auto.ria.com/newauto/auto-toyota-c-hr-1860998.html
Toyota Corolla 2021 Active 1.8 Hybrid e-CVT (122 к.с),27577,750937,Запоріжжя,Гібрид (1.8 л),Варіатор,Передній привід,Кредит до 3 років під 0%,Перевірений,https://cdn.riastatic.com/photosnewr/auto/new_auto_storage/toyota-corolla__1279880-341x224x70.jpg,https://auto.ria.com/newauto/auto-toyota-corolla-1745558.html
Toyota RAV4 2021 Active 2.0 Dual VVT-i CVT (173 к.с),30995,844000,Київ,Бензин (2.0 л),Варіатор,Передній привід,Краща ціна / Кількість обмежена / Кредит до 3 років під 0%,Перевірений,https://cdn.riastatic.com/photosnewr/auto/new_auto_storage/toyota-rav4__1048526-341x224x70.jpg,https://auto.ria.com/newauto/auto-toyota-rav4-1851315.html
Toyota Proace City Verso 2021 Shuttle 1.5 D-4D 5MT (102 к.с) L2,25170,685389,Київ,Дизель (1.5 л),Механічна,Передній привід,Кількість обмежена / Кредит до 3 років під 0%,Перевірений,https://cdn.riastatic.com/photosnewr/auto/new_auto_storage/toyota-proace-city-verso__1290678-341x224x70.jpg,https://auto.ria.com/newauto/auto-toyota-proace-city-verso-1863895.html
Toyota Camry 2021 Premium+ 2.5 Hybrid e-CVT (218 к.с),44065,1199901,Дніпро (Дніпропетровськ),Гібрид (2.5 л),Варіатор,Передній привід,Кількість обмежена / Кредит до 3 років під 0%,Перевірений,https://cdn.riastatic.com/photosnewr/auto/new_auto_storage/toyota-camry__1271146-341x224x70.jpg,https://auto.ria.com/newauto/auto-toyota-camry-1863022.html
Toyota Highlander 2021 Premium 3.5i Dual VVT-iW AT (249 к.с) DTC AWD-S,60971,1660260,Дніпро (Дніпропетровськ),Бензин (3.5 л),Автомат,Повний привід,Краща ціна / Кількість обмежена / Кредит до 3 років під 0%,Перевірений,https://cdn.riastatic.com/photosnewr/auto/new_auto_storage/toyota-highlander__1229518-341x224x70.jpg,https://auto.ria.com/newauto/auto-toyota-highlander-1861008.html
Toyota C-HR 2021 GR Sport 2.0 Hybrid e-CVT (184 к.с),37110,1010500,Київ,Гібрид (2.0 л),Варіатор,Передній привід,Кредит до 3 років під 0%,Перевірений,https://cdn.riastatic.com/photosnewr/auto/new_auto_storage/toyota-c-hr__1135327-341x224x70.jpg,https://auto.ria.com/newauto/auto-toyota-c-hr-1844795.html
Toyota Camry 2021 Prestige+ 2.5 Hybrid e-CVT (218 к.с),38585,1050670,Дніпро (Дніпропетровськ),Гібрид (2.5 л),Варіатор,Передній привід,Кредит до 3 років під 0%,Перевірений,https://cdn.riastatic.com/photosnewr/auto/new_auto_storage/toyota-camry__1279300-341x224x70.jpg,https://auto.ria.com/newauto/auto-toyota-camry-1863376.html
Toyota Camry 2021 Prestige+ 2.5 Hybrid e-CVT (218 к.с),38143,1038630,Запоріжжя,Гібрид (2.5 л),Варіатор,Передній привід,Кредит до 3 років під 0%,Перевірений,https://cdn.riastatic.com/photosnewr/auto/new_auto_storage/toyota-camry__1237154-341x224x70.jpg,https://auto.ria.com/newauto/auto-toyota-camry-1777539.html
Toyota Corolla 2021 Active 1.8 Hybrid e-CVT (122 к.с),27033,736122,Дніпро (Дніпропетровськ),Гібрид (1.8 л),Варіатор,Передній привід,Кредит до 3 років під 0%,Перевірений,https://cdn.riastatic.com/photosnewr/auto/new_auto_storage/toyota-corolla__1271288-341x224x70.jpg,https://auto.ria.com/newauto/auto-toyota-corolla-1863029.html
Toyota Proace City Verso 2021 Shuttle 1.5 D-4D 5MT (102 к.с) L2,25170,685389,Ужгород,Дизель (1.5 л),Механічна,Передній привід,Кількість обмежена / Кредит до 3 років під 0%,Перевірений,https://cdn.riastatic.com/photosnewr/auto/new_auto_storage/toyota-proace-city-verso__1242915-341x224x70.jpg,https://auto.ria.com/newauto/auto-toyota-proace-city-verso-1861753.html
Toyota C-HR 2021 Active 2.0 Hybrid e-CVT (184 к.с),33534,913140,Дніпро (Дніпропетровськ),Гібрид (2.0 л),Варіатор,Передній привід,Кредит до 3 років під 0%,Перевірений,https://cdn.riastatic.com/photosnewr/auto/new_auto_storage/toyota-c-hr__1280751-341x224x70.jpg,https://auto.ria.com/newauto/auto-toyota-c-hr-1863035.html
Toyota C-HR 2021 Lounge 1.2 D-4T Multidrive S (116 к.с),30534,831438,Ужгород,Бензин (1.2 л),Варіатор,Передній привід,Кількість обмежена / Кредит до 3 років під 0%,Перевірений,https://cdn.riastatic.com/photosnewr/auto/new_auto_storage/toyota-c-hr__1216568-341x224x70.jpg,https://auto.ria.com/newauto/auto-toyota-c-hr-1857354.html
Toyota Corolla 2020 Style 1.8 Hybrid e-CVT (122 к.с),28223,768520,Київ,Гібрид (1.8 л),Варіатор,Передній привід,Краща ціна / Остання пропозиція / Кредит до 3 років під 0%,Перевірений,https://cdn.riastatic.com/photosnewr/auto/new_auto_storage/toyota-corolla__1031169-341x224x70.jpg,https://auto.ria.com/newauto/auto-toyota-corolla-1850589.html
Toyota Proace Verso 2021 Premium 2.0 D-4D 6AT (177 к.с) L1,58538,1593990,Дніпро (Дніпропетровськ),Дизель (2.0 л),Автомат,Передній привід,Краща ціна / Остання пропозиція / Кредит до 3 років під 0%,Перевірений,https://cdn.riastatic.com/photosnewr/auto/new_auto_storage/toyota-proace-verso__1271398-341x224x70.jpg,https://auto.ria.com/newauto/auto-toyota-proace-verso-1863033.html
Toyota Proace City Verso 2021 Shuttle 1.5 D-4D 5MT (102 к.с) L1,25265,687958,Харків,Дизель (1.5 л),Механічна,Передній привід,Кредит до 3 років під 0%,Перевірений,https://cdn.riastatic.com/photosnewr/auto/new_auto_storage/toyota-proace-city-verso__1255141-341x224x70.jpg,https://auto.ria.com/newauto/auto-toyota-proace-city-verso-1862358.html
Toyota C-HR 2021 Lounge 2.0 Hybrid e-CVT (184 к.с),35319,961734,Ужгород,Гібрид (2.0 л),Варіатор,Передній привід,Краща ціна / Кількість обмежена / Кредит до 3 років під 0%,Перевірений,https://cdn.riastatic.com/photosnewr/auto/new_auto_storage/toyota-c-hr__1278477-341x224x70.jpg,https://auto.ria.com/newauto/auto-toyota-c-hr-1863338.html
Toyota Proace Verso 2021 Shuttle 2.0 D-4D 6MT (150 к.с) L1,40633,1106448,Ужгород,Дизель (2.0 л),Механічна,Передній привід,Краща ціна / Остання пропозиція / Кредит до 3 років під 0%,Перевірений,https://cdn.riastatic.com/photosnewr/auto/new_auto_storage/toyota-proace-verso__1216082-341x224x70.jpg,https://auto.ria.com/newauto/auto-toyota-proace-verso-1860371.html
Toyota RAV4 2021 Live 2.0 Dual VVT-i CVT (173 к.с),28396,773232,Ужгород,Бензин (2.0 л),Варіатор,Передній привід,Кількість обмежена / Кредит до 3 років під 0%,Перевірений,https://cdn.riastatic.com/photosnewr/auto/new_auto_storage/toyota-rav4__1191159-341x224x70.jpg,https://auto.ria.com/newauto/auto-toyota-rav4-1858890.html
Toyota Proace City Verso 2021 Shuttle 1.5 D-4D 5MT (102 к.с) L1,25170,685380,Київ,Дизель (1.5 л),Механічна,Передній привід,Кредит до 3 років під 0%,Перевірений,https://cdn.riastatic.com/photosnewr/auto/new_auto_storage/toyota-proace-city-verso__1249027-341x224x70.jpg,https://auto.ria.com/newauto/auto-toyota-proace-city-verso-1862055.html
Toyota Corolla 2021 Active 1.6 AT (132 к.с),24974,680049,Миколаїв,Бензин (1.6 л),Варіатор,Передній привід,Кількість обмежена / Кредит до 3 років під 0%,Перевірений,https://cdn.riastatic.com/photosnewr/auto/new_auto_storage/toyota-corolla__1289530-341x224x70.jpg,https://auto.ria.com/newauto/auto-toyota-corolla-1863846.html
Toyota Camry 2021 Prestige+ 2.5 Hybrid e-CVT (218 к.с),37849,1030620,Ужгород,Гібрид (2.5 л),Варіатор,Передній привід,Кредит до 3 років під 0%,Перевірений,https://cdn.riastatic.com/photosnewr/auto/new_auto_storage/toyota-camry__1268462-341x224x70.jpg,https://auto.ria.com/newauto/auto-toyota-camry-1862903.html
Toyota Corolla 2021 Live 1.6 AT (132 к.с),23003,626382,Ужгород,Бензин (1.6 л),Варіатор,Передній привід,Краща ціна / Остання пропозиція / Кредит до 3 років під 0%,Перевірений,https://cdn.riastatic.com/photosnewr/auto/new_auto_storage/toyota-corolla__1268470-341x224x70.jpg,https://auto.ria.com/newauto/auto-toyota-corolla-1862904.html
Toyota Land Cruiser Prado 2021 Elegance 2.8 D-4D AT (200 к.с) 4WD,52699,1435000,Київ,Дизель (2.8 л),Автомат,Повний привід,Краща ціна / Остання пропозиція / Кредит до 3 років під 0%,Перевірений,https://cdn.riastatic.com/photosnewr/auto/new_auto_storage/toyota-land-cruiser-prado__1277871-341x224x70.jpg,https://auto.ria.com/newauto/auto-toyota-land-cruiser-prado-1863309.html
Toyota RAV4 2021 Active 2.5 Hybrid e-CVT (218 к.с),34297,933900,Київ,Гібрид (2.5 л),Варіатор,Передній привід,Кредит до 3 років під 0%,Перевірений,https://cdn.riastatic.com/photosnewr/auto/new_auto_storage/toyota-rav4__1107995-341x224x70.jpg,https://auto.ria.com/newauto/auto-toyota-rav4-1854943.html
Toyota Camry 2021 Comfort 2.5 D-4S АТ (207 к.с),29838,812481,Ужгород,Бензин (2.5 л),Автомат,Передній привід,Кількість обмежена / Кредит до 3 років під 0%,Перевірений,https://cdn.riastatic.com/photosnewr/auto/new_auto_storage/toyota-camry__1293557-341x224x70.jpg,https://auto.ria.com/newauto/auto-toyota-camry-1864018.html
Toyota RAV4 2021 Live 2.0 Dual VVT-i CVT (173 к.с),28395,773200,Київ,Бензин (2.0 л),Варіатор,Передній привід,Кількість обмежена / Кредит до 3 років під 0%,Перевірений,https://cdn.riastatic.com/photosnewr/auto/new_auto_storage/toyota-rav4__958495-341x224x70.jpg,https://auto.ria.com/newauto/auto-toyota-rav4-1845848.html
Toyota Yaris 2021 Active 1.5i Hybrid e-CVT (116 к.с),23047,627570,Київ,Гібрид (1.5 л),Варіатор,Передній привід,Кількість обмежена / Кредит до 3 років під 0%,Перевірений,https://cdn.riastatic.com/photosnewr/auto/new_auto_storage/toyota-yaris__1182040-341x224x70.jpg,https://auto.ria.com/newauto/auto-toyota-yaris-1858591.html
Toyota RAV4 2021 Lounge 2.0 Dual VVT-i CVT (173 к.с) AWD,36540,995000,Київ,Бензин (2.0 л),Варіатор,Повний привід,Краща ціна / Остання пропозиція / Кредит до 3 років під 0%,Перевірений,https://cdn.riastatic.com/photosnewr/auto/new_auto_storage/toyota-rav4__1031250-341x224x70.jpg,https://auto.ria.com/newauto/auto-toyota-rav4-1850591.html
Toyota Highlander 2021 Premium 3.5i Dual VVT-iW AT (249 к.с) DTC AWD-S,61035,1662000,Київ,Бензин (3.5 л),Автомат,Повний привід,Кількість обмежена / Кредит до 3 років під 0%,Перевірений,https://cdn.riastatic.com/photosnewr/auto/new_auto_storage/toyota-highlander__1182013-341x224x70.jpg,https://auto.ria.com/newauto/auto-toyota-highlander-1858589.html
Toyota Proace City 2021 1.5 D-4D MT (102 к.с) L2,20846,567640,Київ,Дизель (1.5 л),Механічна,Передній привід,Краща ціна / Остання пропозиція / Кредит до 3 років під 0%,Перевірений,https://cdn.riastatic.com/photosnewr/auto/new_auto_storage/toyota-proace-city__1249092-341x224x70.jpg,https://auto.ria.com/newauto/auto-toyota-proace-city-1862058.html
