Назва,Ціна - $(USD),Ціна - грн(UAH),Місто,Тип палива,Трансмісія,Тип приводу,Пропозиції,VIN-код,Фото,Посилання
Opel Insignia 2019 Innovation Grand Sport 2.0D AT (170 к.с) Start/Stop,34598,944200,Хмельницький,Дизель (2.0 л),Автомат,Передній привід,Краща ціна / Остання пропозиція / Кредит до 3 років під 0%,Перевірений,https://cdn.riastatic.com/photosnewr/auto/new_auto_storage/opel-insignia__561651-341x224x70.jpg,https://auto.ria.com/newauto/auto-opel-insignia-1784534.html
Opel Grandland X 2020 Innovation 1.5D 8AT (130 к.с) Start/Stop,29058,793000,Черкаси,Дизель (1.5 л),Автомат,Передній привід,Кредит до 3 років під 0%,Перевірений,https://cdn.riastatic.com/photosnewr/auto/new_auto_storage/opel-grandland-x__1033500-341x224x70.jpg,https://auto.ria.com/newauto/auto-opel-grandland-x-1850672.html
Opel Zafira Life 2021 Enjoy 2.0 BlueHDi AT (180 к.с) L2,43238,443,Полтава,Дизель (2.0 л),Автомат,Передній привід,Ціну знижено / Краща ціна / Реєстрація в салоні / Остання пропозиція / Кредит до 3 років під 0%,Перевірений,https://cdn.riastatic.com/photosnewr/auto/new_auto_storage/opel-zafira-life__1246786-341x224x70.jpg,https://auto.ria.com/newauto/auto-opel-zafira-life-1860105.html
Opel Vivaro груз. 2021 Essentia Crew Cab 2.0 BlueHDi MT (150 к.с) L2,39171,1069000,Полтава,Дизель (2.0 л),Механічна,Передній привід,Краща ціна / Реєстрація в салоні / Кількість обмежена / Кредит до 3 років під 0%,Перевірений,https://cdn.riastatic.com/photosnewr/auto/new_auto_storage/opel-vivaro-gruz__1210888-341x224x70.jpg,https://auto.ria.com/newauto/auto-opel-vivaro-gruz-1860107.html
Opel Mokka 2021 Elegance 1.2 PureTech MT (101 к.с),21029,573900,Полтава,Бензин (1.2 л),Механічна,Передній привід,Краща ціна / Реєстрація в салоні / Кількість обмежена / Кредит до 3 років під 0%,Перевірений,https://cdn.riastatic.com/photosnewr/auto/new_auto_storage/opel-mokka__1264549-341x224x70.jpg,https://auto.ria.com/newauto/auto-opel-mokka-1861979.html
Opel Grandland X 2020 Innovation 1.2 PureTech 8AT (130 к.с),24551,670000,Кропивницький (Кіровоград),Бензин (1.2 л),Автомат,Передній привід,Краща ціна / Остання пропозиція / Кредит до 3 років під 0% / Користується популярністю,Перевірений,https://cdn.riastatic.com/photosnewr/auto/new_auto_storage/opel-grandland-x__1234208-341x224x70.jpg,https://auto.ria.com/newauto/auto-opel-grandland-x-1861233.html
Opel Astra J 2019 Enjoy 1.4Т АТ (140 к.с),17589,480000,Дніпро (Дніпропетровськ),Бензин (1.4 л),Автомат,Передній привід,Краща ціна / Кількість обмежена / Кредит до 3 років під 0%,Перевірений,https://cdn.riastatic.com/photosnewr/auto/new_auto_storage/opel-astra-j__1008751-341x224x70.jpg,https://auto.ria.com/newauto/auto-opel-astra-j-1849165.html
Opel Insignia 2019 Innovation Navi Grand Sport 2.0D AT (170 к.с) Start/Stop,32942,899000,Дніпро (Дніпропетровськ),Дизель (2.0 л),Автомат,Передній привід,Краща ціна / Остання пропозиція / Кредит до 3 років під 0%,Перевірений,https://cdn.riastatic.com/photosnewr/auto/new_auto_storage/opel-insignia__995301-341x224x70.jpg,https://auto.ria.com/newauto/auto-opel-insignia-1825592.html
Opel Astra J 2020 Enjoy 1.4Т МТ (140 к.с),17413,475200,Хмельницький,Бензин (1.4 л),Механічна,Передній привід,Краща ціна / Остання пропозиція / Кредит до 3 років під 0%,Перевірений,https://cdn.riastatic.com/photosnewr/auto/new_auto_storage/opel-astra-j__617083-341x224x70.jpg,https://auto.ria.com/newauto/auto-opel-astra-j-1810322.html
Opel Mokka 2021 Elegance 1.2 PureTech MT (101 к.с),21473,586000,Черкаси,Бензин (1.2 л),Механічна,Передній привід,Кількість обмежена / Кредит до 3 років під 0%,Перевірений,https://cdn.riastatic.com/photosnewr/auto/new_auto_storage/opel-mokka__1255886-341x224x70.jpg,https://auto.ria.com/newauto/auto-opel-mokka-1862019.html
Opel Zafira Life 2021 Business Innovation 2.0 BlueHDi AT (180 к.с) L1,53811,1468530,Херсон,Дизель (2.0 л),Автомат,Передній привід,Краща ціна / Остання пропозиція / Кредит до 3 років під 0%,Перевірений,https://cdn.riastatic.com/photosnewr/auto/new_auto_storage/opel-zafira-life__1291501-341x224x70.jpg,https://auto.ria.com/newauto/auto-opel-zafira-life-1863934.html
Opel Crossland 2021 Edition Direct Injection 1.2 MT (82 к.с),18672,509580,Херсон,Бензин (1.2 л),Механічна,Передній привід,Кількість обмежена / Кредит до 3 років під 0%,Перевірений,https://cdn.riastatic.com/photosnewr/auto/new_auto_storage/opel-crossland__1291357-341x224x70.jpg,https://auto.ria.com/newauto/auto-opel-crossland-1863925.html
Opel Mokka 2021 Elegance 1.2 PureTech MT (101 к.с),21191,578300,Херсон,Бензин (1.2 л),Механічна,Передній привід,Кількість обмежена / Кредит до 3 років під 0%,Перевірений,https://cdn.riastatic.com/photosnewr/auto/new_auto_storage/opel-mokka__1291407-341x224x70.jpg,https://auto.ria.com/newauto/auto-opel-mokka-1863928.html
Opel Crossland X 2021 Individual 1.2 MT (82 к.с),17816,486200,Харків,Бензин (1.2 л),Механічна,Передній привід,Кредит до 3 років під 0%,Перевірений,https://cdn.riastatic.com/photosnewr/auto/new_auto_storage/opel-crossland-x__1207747-341x224x70.jpg,https://auto.ria.com/newauto/auto-opel-crossland-x-1788666.html
Opel Corsa 2021 Elegance 1.2 PureTech AT (101 к.с),19029,519300,Харків,Бензин (1.2 л),Автомат,Передній привід,Кредит до 3 років під 0%,Перевірений,https://cdn.riastatic.com/photosnewr/auto/new_auto_storage/opel-corsa__1266889-341x224x70.jpg,https://auto.ria.com/newauto/auto-opel-corsa-1862847.html
Opel Combo Cargo 2021 Essentia 1.6 HDi MT (92 к.с) L1 (650),18530,505700,Херсон,Дизель (1.6 л),Механічна,Передній привід,Кількість обмежена / Кредит до 3 років під 0%,Перевірений,https://cdn.riastatic.com/photosnewr/auto/new_auto_storage/opel-combo-cargo__1291431-341x224x70.jpg,https://auto.ria.com/newauto/auto-opel-combo-cargo-1863930.html
Opel Corsa 2021 Elegance 1.2 PureTech AT (101 к.с),19970,545000,Полтава,Бензин (1.2 л),Автомат,Передній привід,Реєстрація в салоні / Кредит до 3 років під 0%,Перевірений,https://cdn.riastatic.com/photosnewr/auto/new_auto_storage/opel-corsa__1224207-341x224x70.jpg,https://auto.ria.com/newauto/auto-opel-corsa-1860758.html
Opel Combo Life 2020 Enjoy 1.5 BlueHDi AT (130 к.с) L2 S/S,26465,722250,Одеса,Дизель (1.5 л),Автомат,Передній привід,Краща ціна / Кількість обмежена / Кредит до 3 років під 0%,Перевірений,https://cdn.riastatic.com/photosnewr/auto/new_auto_storage/opel-combo-life__967687-341x224x70.jpg,https://auto.ria.com/newauto/auto-opel-combo-life-1845139.html
Opel Crossland X 2021 Enjoy 1.2 MT (82 к.с),18175,185,Полтава,Бензин (1.2 л),Механічна,Передній привід,Ціну знижено / Реєстрація в салоні / Кредит до 3 років під 0%,Перевірений,https://cdn.riastatic.com/photosnewr/auto/new_auto_storage/opel-crossland-x__1242010-341x224x70.jpg,https://auto.ria.com/newauto/auto-opel-crossland-x-1860403.html
Opel Combo Cargo 2021 Essentia 1.6 HDi MT (92 к.с) L2 (950),20483,559000,Полтава,Дизель (1.6 л),Механічна,Передній привід,Реєстрація в салоні / Кількість обмежена / Кредит до 3 років під 0%,Перевірений,https://cdn.riastatic.com/photosnewr/auto/new_auto_storage/opel-combo-cargo__1006392-341x224x70.jpg,https://auto.ria.com/newauto/auto-opel-combo-cargo-1838853.html
Opel Combo Cargo 2021 Essentia 1.6 HDi MT (92 к.с) L2 (950),20483,559000,Полтава,Дизель (1.6 л),Механічна,Передній привід,Реєстрація в салоні / Кількість обмежена / Кредит до 3 років під 0%,Перевірений,https://cdn.riastatic.com/photosnewr/auto/new_auto_storage/opel-combo-cargo__1006392-341x224x70.jpg,https://auto.ria.com/newauto/auto-opel-combo-cargo-1838853.html
Opel Zafira Life 2021 Business Innovation 2.0 BlueHDi AT (180 к.с) L2,52723,558,Одеса,Дизель (2.0 л),Автомат,Передній привід,Ціну знижено / Краща ціна / Кількість обмежена / Кредит до 3 років під 0%,Перевірений,https://cdn.riastatic.com/photosnewr/auto/new_auto_storage/opel-zafira-life__1287872-341x224x70.jpg,https://auto.ria.com/newauto/auto-opel-zafira-life-1863744.html
Opel Astra K 2018 Individual 1.4 AT (150 к.с) Start/Stop,19051,201,Хмельницький,Бензин (1.4 л),Автомат,Передній привід,Ціну знижено / Краща ціна / Остання пропозиція / Кредит до 3 років під 0%,Перевірений,https://cdn.riastatic.com/photosnewr/auto/new_auto_storage/opel-astra-k__439436-341x224x70.jpg,https://auto.ria.com/newauto/auto-opel-astra-k-1735029.html
Opel Combo Cargo 2021 Essentia 1.6 HDi MT (92 к.с) L2 (950),20520,560000,Одеса,Дизель (1.6 л),Механічна,Передній привід,Кількість обмежена / Кредит до 3 років під 0%,Перевірений,https://cdn.riastatic.com/photosnewr/auto/new_auto_storage/opel-combo-cargo__1287503-341x224x70.jpg,https://auto.ria.com/newauto/auto-opel-combo-cargo-1863729.html
Opel Zafira Life 2021 Enjoy 2.0 BlueHDi MT (150 к.с) L2,40553,1106700,Дніпро (Дніпропетровськ),Дизель (2.0 л),Механічна,Передній привід,Кількість обмежена / Кредит до 3 років під 0%,Перевірений,https://cdn.riastatic.com/photosnewr/auto/new_auto_storage/opel-zafira-life__1212025-341x224x70.jpg,https://auto.ria.com/newauto/auto-opel-zafira-life-1860159.html
Opel Combo Life 2020 Enjoy 1.5 BlueHDi AT (130 к.с) L1 S/S,25026,682960,Дніпро (Дніпропетровськ),Дизель (1.5 л),Автомат,Передній привід,Краща ціна / Остання пропозиція / Кредит до 3 років під 0%,Перевірений,https://cdn.riastatic.com/photosnewr/auto/new_auto_storage/opel-combo-life__1090336-341x224x70.jpg,https://auto.ria.com/newauto/auto-opel-combo-life-1846012.html
Opel Vivaro груз. 2021 Essentia 2.0 BlueHDi MT (150 к.с) L1,31344,855400,Дніпро (Дніпропетровськ),Дизель (2.0 л),Механічна,Передній привід,Краща ціна / Остання пропозиція / Кредит до 3 років під 0%,Перевірений,https://cdn.riastatic.com/photosnewr/auto/new_auto_storage/opel-vivaro-gruz__1211643-341x224x70.jpg,https://auto.ria.com/newauto/auto-opel-vivaro-gruz-1858193.html
Opel Combo Life 2020 Innovation 1.5 BlueHDi AT (130 к.с) L1 S/S,26566,725000,Дніпро (Дніпропетровськ),Дизель (1.5 л),Автомат,Передній привід,Кількість обмежена / Кредит до 3 років під 0%,Перевірений,https://cdn.riastatic.com/photosnewr/auto/new_auto_storage/opel-combo-life__1186406-341x224x70.jpg,https://auto.ria.com/newauto/auto-opel-combo-life-1834185.html
Opel Combo Life 2020 Innovation 1.5 BlueHDi AT (130 к.с) L1 S/S,26562,724900,Хмельницький,Дизель (1.5 л),Автомат,Передній привід,Краща ціна / Кількість обмежена / Кредит до 3 років під 0%,Перевірений,https://cdn.riastatic.com/photosnewr/auto/new_auto_storage/opel-combo-life__1266607-341x224x70.jpg,https://auto.ria.com/newauto/auto-opel-combo-life-1851006.html
Opel Combo Cargo 2021 Essentia 1.6 HDi MT (92 к.с) L2 (950),20520,560000,Дніпро (Дніпропетровськ),Дизель (1.6 л),Механічна,Передній привід,Кількість обмежена / Кредит до 3 років під 0%,Перевірений,https://cdn.riastatic.com/photosnewr/auto/new_auto_storage/opel-combo-cargo__846667-341x224x70.jpg,https://auto.ria.com/newauto/auto-opel-combo-cargo-1835141.html
Opel Movano груз. 2020 2.3TD МТ (125 к.с) L2H2 3500 FWD,31751,866500,Хмельницький,Дизель (2.3 л),Механічна,Передній привід,Кредит до 3 років під 0% / Під замовлення - 15 днів,Перевірений,https://cdn.riastatic.com/photosnewr/auto/new_auto_storage/opel-movano-gruz__1004491-341x224x70.jpg,https://auto.ria.com/newauto/auto-opel-movano-gruz-1848706.html
Opel Crossland 2021 Elegance Direct Injection Turbo 1.2 AT (110 к.с),23233,634050,Кропивницький (Кіровоград),Бензин (1.2 л),Автомат,Передній привід,Краща ціна / Кількість обмежена / Кредит до 3 років під 0%,Перевірений,https://cdn.riastatic.com/photosnewr/auto/new_auto_storage/opel-crossland__1284028-341x224x70.jpg,https://auto.ria.com/newauto/auto-opel-crossland-1863610.html
Opel Grandland X 2021 Enjoy 1.5D 6MT (130 к.с) Start/Stop,24140,658800,Хмельницький,Дизель (1.5 л),Механічна,Передній привід,Кредит до 3 років під 0% / Під замовлення - 60 днів,Перевірений,https://cdn.riastatic.com/photosnewr/auto/new_auto_storage/opel-grandland-x__673834-341x224x70.jpg,https://auto.ria.com/newauto/auto-opel-grandland-x-1818004.html
Opel Corsa 2021 Elegance Direct Injection Turbo 1.2 AT (100 к.с),20064,547550,Хмельницький,Бензин (1.2 л),Автомат,Передній привід,Кредит до 3 років під 0% / Під замовлення - 10 днів,Перевірений,https://cdn.riastatic.com/photosnewr/auto/new_auto_storage/opel-corsa__1248401-341x224x70.jpg,https://auto.ria.com/newauto/auto-opel-corsa-1862011.html
Opel Combo Cargo 2021 Essentia 1.6 HDi MT (92 к.с) L2 (950),20520,560000,Черкаси,Дизель (1.6 л),Механічна,Передній привід,Кількість обмежена / Кредит до 3 років під 0%,Перевірений,https://cdn.riastatic.com/photosnewr/auto/new_auto_storage/opel-combo-cargo__1269489-341x224x70.jpg,https://auto.ria.com/newauto/auto-opel-combo-cargo-1862352.html
Opel Grandland X 2020 Enjoy 1.5D 6AT (130 к.с) Start/Stop,24917,680000,Дніпро (Дніпропетровськ),Дизель (1.5 л),Автомат,Передній привід,Краща ціна / Кількість обмежена / Кредит до 3 років під 0%,Перевірений,https://cdn.riastatic.com/photosnewr/auto/new_auto_storage/opel-grandland-x__1246676-341x224x70.jpg,https://auto.ria.com/newauto/auto-opel-grandland-x-1861933.html
Opel Grandland X 2021 Innovation 1.5D 8AT (130 к.с) Start/Stop,29152,795580,Дніпро (Дніпропетровськ),Дизель (1.5 л),Автомат,Передній привід,Кредит до 3 років під 0%,Перевірений,https://cdn.riastatic.com/photosnewr/auto/new_auto_storage/opel-grandland-x__1188189-341x224x70.jpg,https://auto.ria.com/newauto/auto-opel-grandland-x-1863400.html
Opel Crossland X 2021 Enjoy 1.2 MT (82 к.с),17816,486200,Дніпро (Дніпропетровськ),Бензин (1.2 л),Механічна,Передній привід,Кредит до 3 років під 0%,Перевірений,https://cdn.riastatic.com/photosnewr/auto/new_auto_storage/opel-crossland-x__1186281-341x224x70.jpg,https://auto.ria.com/newauto/auto-opel-crossland-x-1858296.html
Opel Grandland X 2021 Enjoy 1.5D 6MT (130 к.с) Start/Stop,24140,658800,Хмельницький,Дизель (1.5 л),Механічна,Передній привід,Кредит до 3 років під 0% / Під замовлення - 60 днів,Перевірений,https://cdn.riastatic.com/photosnewr/auto/new_auto_storage/opel-grandland-x__784328-341x224x70.jpg,https://auto.ria.com/newauto/auto-opel-grandland-x-1860137.html
Opel Crossland 2021 Elegance Direct Injection Turbo 1.2 AT (110 к.с),23468,640450,Хмельницький,Бензин (1.2 л),Автомат,Передній привід,Кредит до 3 років під 0% / Під замовлення - 10 днів,Перевірений,https://cdn.riastatic.com/photosnewr/auto/new_auto_storage/opel-crossland__1276745-341x224x70.jpg,https://auto.ria.com/newauto/auto-opel-crossland-1863260.html
Opel Crossland X 2020 Enjoy 1.2 MT (82 к.с),17137,467680,Хмельницький,Бензин (1.2 л),Механічна,Передній привід,Кредит до 3 років під 0%,Перевірений,https://cdn.riastatic.com/photosnewr/auto/new_auto_storage/opel-crossland-x__928605-341x224x70.jpg,https://auto.ria.com/newauto/auto-opel-crossland-x-1843928.html
Opel Grandland X 2021 Innovation 1.5D 8AT (130 к.с) Start/Stop,29323,800230,Хмельницький,Дизель (1.5 л),Автомат,Передній привід,Кредит до 3 років під 0% / Під замовлення - 45 днів,Перевірений,https://cdn.riastatic.com/photosnewr/auto/new_auto_storage/opel-grandland-x__937618-341x224x70.jpg,https://auto.ria.com/newauto/auto-opel-grandland-x-1844501.html
Opel Vivaro груз. 2021 Essentia Crew Cab 2.0 BlueHDi MT (150 к.с) L2,39611,1081000,Кропивницький (Кіровоград),Дизель (2.0 л),Механічна,Передній привід,Кількість обмежена / Кредит до 3 років під 0%,Перевірений,https://cdn.riastatic.com/photosnewr/auto/new_auto_storage/opel-vivaro-gruz__1119670-341x224x70.jpg,https://auto.ria.com/newauto/auto-opel-vivaro-gruz-1855628.html
Opel Mokka 2021 Elegance 1.2 PureTech MT (101 к.с),21191,578300,Харків,Бензин (1.2 л),Механічна,Передній привід,Краща ціна / Кількість обмежена / Кредит до 3 років під 0%,Перевірений,https://cdn.riastatic.com/photosnewr/auto/new_auto_storage/opel-mokka__1255781-341x224x70.jpg,https://auto.ria.com/newauto/auto-opel-mokka-1862391.html
Opel Mokka 2021 Elegance 1.2 PureTech AT (130 к.с),24869,678680,Хмельницький,Бензин (1.2 л),Автомат,Передній привід,Кількість обмежена / Кредит до 3 років під 0%,Перевірений,https://cdn.riastatic.com/photosnewr/auto/new_auto_storage/opel-mokka__1279942-341x224x70.jpg,https://auto.ria.com/newauto/auto-opel-mokka-1863403.html
Opel Crossland X 2021 Enjoy 1.2 MT (82 к.с),18292,499210,Дніпро (Дніпропетровськ),Бензин (1.2 л),Механічна,Передній привід,Кредит до 3 років під 0%,Перевірений,https://cdn.riastatic.com/photosnewr/auto/new_auto_storage/opel-crossland-x__1179477-341x224x70.jpg,https://auto.ria.com/newauto/auto-opel-crossland-x-1858490.html
Opel Crossland X 2021 Enjoy 1.2 MT (82 к.с),17585,479900,Хмельницький,Бензин (1.2 л),Механічна,Передній привід,Кредит до 3 років під 0%,Перевірений,https://cdn.riastatic.com/photosnewr/auto/new_auto_storage/opel-crossland-x__1203219-341x224x70.jpg,https://auto.ria.com/newauto/auto-opel-crossland-x-1857980.html
Opel Crossland X 2021 Enjoy 1.2 MT (82 к.с),18175,496000,Черкаси,Бензин (1.2 л),Механічна,Передній привід,Кредит до 3 років під 0%,Перевірений,https://cdn.riastatic.com/photosnewr/auto/new_auto_storage/opel-crossland-x__1180339-341x224x70.jpg,https://auto.ria.com/newauto/auto-opel-crossland-x-1858522.html
Opel Mokka 2021 Elegance 1.2 PureTech AT (130 к.с),24579,670780,Кропивницький (Кіровоград),Бензин (1.2 л),Автомат,Передній привід,Краща ціна / Кількість обмежена / Кредит до 3 років під 0%,Перевірений,https://cdn.riastatic.com/photosnewr/auto/new_auto_storage/opel-mokka__1283610-341x224x70.jpg,https://auto.ria.com/newauto/auto-opel-mokka-1863573.html
Opel Mokka 2021 Elegance 1.2 PureTech AT (130 к.с),24579,670780,Кропивницький (Кіровоград),Бензин (1.2 л),Автомат,Передній привід,Кількість обмежена / Кредит до 3 років під 0%,Перевірений,https://cdn.riastatic.com/photosnewr/auto/new_auto_storage/opel-mokka__1282270-341x224x70.jpg,https://auto.ria.com/newauto/auto-opel-mokka-1863515.html
Opel Vivaro груз. 2021 Essentia Crew Cab 2.0 BlueHDi MT (150 к.с) L2,39435,1076200,Хмельницький,Дизель (2.0 л),Механічна,Передній привід,Кредит до 3 років під 0% / Під замовлення - 60 днів,Перевірений,https://cdn.riastatic.com/photosnewr/auto/new_auto_storage/opel-vivaro-gruz__1136563-341x224x70.jpg,https://auto.ria.com/newauto/auto-opel-vivaro-gruz-1856490.html
Opel Grandland X 2021 Enjoy 1.5D 8AT (130 к.с) Start/Stop,26306,717900,Харків,Дизель (1.5 л),Автомат,Передній привід,Краща ціна / Кількість обмежена / Кредит до 3 років під 0%,Перевірений,https://cdn.riastatic.com/photosnewr/auto/new_auto_storage/opel-grandland-x__1248766-341x224x70.jpg,https://auto.ria.com/newauto/auto-opel-grandland-x-1861950.html
Opel Zafira Life 2021 Enjoy 2.0 BlueHDi MT (150 к.с) L2,40146,1095600,Кропивницький (Кіровоград),Дизель (2.0 л),Механічна,Передній привід,Краща ціна / Кількість обмежена / Кредит до 3 років під 0%,Перевірений,https://cdn.riastatic.com/photosnewr/auto/new_auto_storage/opel-zafira-life__1217955-341x224x70.jpg,https://auto.ria.com/newauto/auto-opel-zafira-life-1860447.html
Opel Corsa 2020 Elegance 1.2 PureTech STT AT (130 к.с),20776,567000,Херсон,Бензин (1.2 л),Автомат,Передній привід,Краща ціна / Кількість обмежена / Кредит до 3 років під 0%,Перевірений,https://cdn.riastatic.com/photosnewr/auto/new_auto_storage/opel-corsa__1111418-341x224x70.jpg,https://auto.ria.com/newauto/auto-opel-corsa-1855136.html
Opel Crossland X 2020 Enjoy 1.2 MT (82 к.с),16856,460000,Херсон,Бензин (1.2 л),Механічна,Передній привід,Краща ціна / Кредит до 3 років під 0%,Перевірений,https://cdn.riastatic.com/photosnewr/auto/new_auto_storage/opel-crossland-x__1030900-341x224x70.jpg,https://auto.ria.com/newauto/auto-opel-crossland-x-1850573.html
Opel Corsa 2021 GS Line 1.2 PureTech STT AT (130 к.с),23531,642185,Кропивницький (Кіровоград),Бензин (1.2 л),Автомат,Передній привід,Краща ціна / Кількість обмежена / Кредит до 3 років під 0%,Перевірений,https://cdn.riastatic.com/photosnewr/auto/new_auto_storage/opel-corsa__1174277-341x224x70.jpg,https://auto.ria.com/newauto/auto-opel-corsa-1858271.html
Opel Crossland X 2021 Enjoy 1.2 MT (82 к.с),17457,178,Кропивницький (Кіровоград),Бензин (1.2 л),Механічна,Передній привід,Ціну знижено / Кредит до 3 років під 0%,Перевірений,https://cdn.riastatic.com/photosnewr/auto/new_auto_storage/opel-crossland-x__1175632-341x224x70.jpg,https://auto.ria.com/newauto/auto-opel-crossland-x-1858331.html
Opel Grandland X 2020 Enjoy 1.5D 6AT (130 к.с) Start/Stop,25540,697000,Херсон,Дизель (1.5 л),Автомат,Передній привід,Кількість обмежена / Кредит до 3 років під 0%,Перевірений,https://cdn.riastatic.com/photosnewr/auto/new_auto_storage/opel-grandland-x__1030797-341x224x70.jpg,https://auto.ria.com/newauto/auto-opel-grandland-x-1850568.html
Opel Grandland X 2021 Innovation 1.5D 8AT (130 к.с) Start/Stop,29323,800230,Хмельницький,Дизель (1.5 л),Автомат,Передній привід,Кредит до 3 років під 0% / Під замовлення - 34 днів,Перевірений,https://cdn.riastatic.com/photosnewr/auto/new_auto_storage/opel-grandland-x__928642-341x224x70.jpg,https://auto.ria.com/newauto/auto-opel-grandland-x-1843932.html
Opel Crossland X 2020 Innovation 1.2T AT (110 к.с),22645,618000,Дніпро (Дніпропетровськ),Бензин (1.2 л),Автомат,Передній привід,Кількість обмежена / Кредит до 3 років під 0%,Перевірений,https://cdn.riastatic.com/photosnewr/auto/new_auto_storage/opel-crossland-x__1184880-341x224x70.jpg,https://auto.ria.com/newauto/auto-opel-crossland-x-1825571.html
Opel Astra J 2020 Enjoy 1.4Т АТ (140 к.с),18985,518100,Хмельницький,Бензин (1.4 л),Автомат,Передній привід,Кількість обмежена / Кредит до 3 років під 0%,Перевірений,https://cdn.riastatic.com/photosnewr/auto/new_auto_storage/opel-astra-j__1266521-341x224x70.jpg,https://auto.ria.com/newauto/auto-opel-astra-j-1860560.html
Opel Corsa 2020 Elegance 1.2 PureTech AT (101 к.с),18615,508000,Кропивницький (Кіровоград),Бензин (1.2 л),Автомат,Передній привід,Краща ціна / Кредит до 3 років під 0%,Перевірений,https://cdn.riastatic.com/photosnewr/auto/new_auto_storage/opel-corsa__1113506-341x224x70.jpg,https://auto.ria.com/newauto/auto-opel-corsa-1855245.html
Opel Grandland X 2021 Innovation 1.5D 8AT (130 к.с) Start/Stop,29152,795580,Хмельницький,Дизель (1.5 л),Автомат,Передній привід,Кредит до 3 років під 0% / Під замовлення - 35 днів,Перевірений,https://cdn.riastatic.com/photosnewr/auto/new_auto_storage/opel-grandland-x__1251588-341x224x70.jpg,https://auto.ria.com/newauto/auto-opel-grandland-x-1862168.html
Opel Grandland X 2021 Enjoy 1.5D 6MT (130 к.с) Start/Stop,24510,668900,Харків,Дизель (1.5 л),Механічна,Передній привід,Кредит до 3 років під 0% / Під замовлення - 29 днів,Перевірений,https://cdn.riastatic.com/photosnewr/auto/new_auto_storage/opel-grandland-x__563787-341x224x70.jpg,https://auto.ria.com/newauto/auto-opel-grandland-x-1788655.html
Opel Zafira Life 2021 Business Innovation 2.0 BlueHDi 7AT (180 к.с) L2 Innov.,52179,1424000,Хмельницький,Дизель (2.0 л),Автомат,Передній привід,Кредит до 3 років під 0% / Під замовлення - 14 днів,Перевірений,https://cdn.riastatic.com/photosnewr/auto/new_auto_storage/opel-zafira-life__1139299-341x224x70.jpg,https://auto.ria.com/newauto/auto-opel-zafira-life-1856600.html
Opel Grandland X 2021 Enjoy 1.5D 8AT (130 к.с) Start/Stop,26762,730360,Хмельницький,Дизель (1.5 л),Автомат,Передній привід,Кредит до 3 років під 0% / Під замовлення - 14 днів,Перевірений,https://cdn.riastatic.com/photosnewr/auto/new_auto_storage/opel-grandland-x__714520-341x224x70.jpg,https://auto.ria.com/newauto/auto-opel-grandland-x-1823576.html
Opel Grandland X 2021 Innovation 1.5D 8AT (130 к.с) Start/Stop,31088,848400,Київ,Дизель (1.5 л),Автомат,Передній привід,Кредит до 3 років під 0%,Перевірений,https://cdn.riastatic.com/photosnewr/auto/new_auto_storage/opel-grandland-x__1236324-341x224x70.jpg,https://auto.ria.com/newauto/auto-opel-grandland-x-1857574.html
Opel Grandland X 2021 Enjoy 1.5D 8AT (130 к.с) Start/Stop,26762,730360,Хмельницький,Дизель (1.5 л),Автомат,Передній привід,Кредит до 3 років під 0% / Під замовлення - 30 днів,Перевірений,https://cdn.riastatic.com/photosnewr/auto/new_auto_storage/opel-grandland-x__905277-341x224x70.jpg,https://auto.ria.com/newauto/auto-opel-grandland-x-1841392.html
Opel Corsa 2021 Elegance Direct Injection Turbo 1.2 AT (100 к.с),19611,535200,Хмельницький,Бензин (1.2 л),Автомат,Передній привід,Кількість обмежена / Кредит до 3 років під 0%,Перевірений,https://cdn.riastatic.com/photosnewr/auto/new_auto_storage/opel-corsa__966358-341x224x70.jpg,https://auto.ria.com/newauto/auto-opel-corsa-1862003.html
Opel Mokka 2021 Base 1.2 PureTech MT (101 к.с),21191,578300,Хмельницький,Бензин (1.2 л),Механічна,Передній привід,Кредит до 3 років під 0% / Під замовлення - 10 днів,Перевірений,https://cdn.riastatic.com/photosnewr/auto/new_auto_storage/opel-mokka__1250584-341x224x70.jpg,https://auto.ria.com/newauto/auto-opel-mokka-1862129.html
Opel Corsa 2021 Elegance Direct Injection Turbo 1.2 AT (100 к.с),19611,535200,Хмельницький,Бензин (1.2 л),Автомат,Передній привід,Краща ціна / Кількість обмежена / Кредит до 3 років під 0%,Перевірений,https://cdn.riastatic.com/photosnewr/auto/new_auto_storage/opel-corsa__967132-341x224x70.jpg,https://auto.ria.com/newauto/auto-opel-corsa-1846318.html
Opel Grandland X 2021 Innovation 1.5D 8AT (130 к.с) Start/Stop,29152,795580,Харків,Дизель (1.5 л),Автомат,Передній привід,Кредит до 3 років під 0%,Перевірений,https://cdn.riastatic.com/photosnewr/auto/new_auto_storage/opel-grandland-x__604168-341x224x70.jpg,https://auto.ria.com/newauto/auto-opel-grandland-x-1805653.html
Opel Grandland X 2021 Individual 1.5D 8AT (130 к.с) Start/Stop,29322,800200,Харків,Дизель (1.5 л),Автомат,Передній привід,Кредит до 3 років під 0% / Під замовлення - 7 днів,Перевірений,https://cdn.riastatic.com/photosnewr/auto/new_auto_storage/opel-grandland-x__714418-341x224x70.jpg,https://auto.ria.com/newauto/auto-opel-grandland-x-1823570.html
Opel Corsa 2020 Elegance 1.2 PureTech STT AT (130 к.с),22392,611080,Запоріжжя,Бензин (1.2 л),Автомат,Передній привід,Кількість обмежена / Кредит до 3 років під 0%,Перевірений,https://cdn.riastatic.com/photosnewr/auto/new_auto_storage/opel-corsa__922171-341x224x70.jpg,https://auto.ria.com/newauto/auto-opel-corsa-1843291.html
Opel Crossland X 2019 Innovation 1.2T AT (110 к.с),23143,631580,Запоріжжя,Бензин (1.2 л),Автомат,Передній привід,Кількість обмежена / Кредит до 3 років під 0%,Перевірений,https://cdn.riastatic.com/photosnewr/auto/new_auto_storage/opel-crossland-x__809052-341x224x70.jpg,https://auto.ria.com/newauto/auto-opel-crossland-x-1835431.html
Opel Corsa 2021 Individual 1.2 PureTech STT AT (130 к.с),23769,648670,Хмельницький,Бензин (1.2 л),Автомат,Передній привід,Кредит до 3 років під 0% / Під замовлення - 100 днів,Перевірений,https://cdn.riastatic.com/photosnewr/auto/new_auto_storage/opel-corsa__850044-341x224x70.jpg,https://auto.ria.com/newauto/auto-opel-corsa-1837978.html
Opel Combo пасс. 2020 Base 1.5 BlueHDi MT (102 к.с) Start/Stop,22236,606820,Запоріжжя,Дизель (1.5 л),Механічна,Передній привід,Краща ціна / Остання пропозиція / Кредит до 3 років під 0%,Перевірений,https://cdn.riastatic.com/photosnewr/auto/new_auto_storage/opel-combo-pass__848795-341x224x70.jpg,https://auto.ria.com/newauto/auto-opel-combo-pass-1837764.html
Opel Crossland X 2021 Enjoy 1.2 MT (82 к.с),18111,494270,Кропивницький (Кіровоград),Бензин (1.2 л),Механічна,Передній привід,Кредит до 3 років під 0%,Перевірений,https://cdn.riastatic.com/photosnewr/auto/new_auto_storage/opel-crossland-x__1183977-341x224x70.jpg,https://auto.ria.com/newauto/auto-opel-crossland-x-1858710.html
Opel Zafira Life 2021 Business Innovation 2.0 BlueHDi 7AT (180 к.с) L2 Innov.,52985,1446000,Харків,Дизель (2.0 л),Автомат,Передній привід,Кредит до 3 років під 0% / Під замовлення - 14 днів,Перевірений,https://cdn.riastatic.com/photosnewr/auto/new_auto_storage/opel-zafira-life__1063112-341x224x70.jpg,https://auto.ria.com/newauto/auto-opel-zafira-life-1852135.html
Opel Crossland 2021 Edition Direct Injection 1.2 MT (82 к.с),18296,499300,Харків,Бензин (1.2 л),Механічна,Передній привід,Кількість обмежена / Кредит до 3 років під 0%,Перевірений,https://cdn.riastatic.com/photosnewr/auto/new_auto_storage/opel-crossland__1226285-341x224x70.jpg,https://auto.ria.com/newauto/auto-opel-crossland-1860870.html
Opel Crossland 2021 Edition Direct Injection 1.2 MT (82 к.с),18186,496300,Київ,Бензин (1.2 л),Механічна,Передній привід,Краща ціна / Кількість обмежена / Кредит до 3 років під 0%,Перевірений,https://cdn.riastatic.com/photosnewr/auto/new_auto_storage/opel-crossland__1283031-341x224x70.jpg,https://auto.ria.com/newauto/auto-opel-crossland-1863545.html
Opel Combo Life 2021 Edition 1.6D MT (92 к.с) L2,21084,575400,Харків,Дизель (1.6 л),Механічна,Передній привід,Краща ціна / Остання пропозиція / Кредит до 3 років під 0%,Перевірений,https://cdn.riastatic.com/photosnewr/auto/new_auto_storage/opel-combo-life__1235092-341x224x70.jpg,https://auto.ria.com/newauto/auto-opel-combo-life-1861331.html
Opel Combo Life 2021 Edition 1.6D MT (92 к.с) L1,20132,549400,Харків,Дизель (1.6 л),Механічна,Передній привід,Кредит до 3 років під 0% / Під замовлення - 14 днів,Перевірений,https://cdn.riastatic.com/photosnewr/auto/new_auto_storage/opel-combo-life__1247779-341x224x70.jpg,https://auto.ria.com/newauto/auto-opel-combo-life-1860047.html
Opel Combo Cargo 2021 Individual 1.6 HDi MT (92 к.с) L2 (950),20520,560000,Хмельницький,Дизель (1.6 л),Механічна,Передній привід,Кредит до 3 років під 0% / Під замовлення - 14 днів,Перевірений,https://cdn.riastatic.com/photosnewr/auto/new_auto_storage/opel-combo-cargo__840190-341x224x70.jpg,https://auto.ria.com/newauto/auto-opel-combo-cargo-1837003.html
Opel Zafira Life 2021 Enjoy 2.0 BlueHDi MT (150 к.с) L2,40553,1106700,Харків,Дизель (2.0 л),Механічна,Передній привід,Кількість обмежена / Кредит до 3 років під 0%,Перевірений,https://cdn.riastatic.com/photosnewr/auto/new_auto_storage/opel-zafira-life__1210926-341x224x70.jpg,https://auto.ria.com/newauto/auto-opel-zafira-life-1860110.html
Opel Corsa 2021 GS Line 1.2 PureTech STT AT (130 к.с),23767,648600,Харків,Бензин (1.2 л),Автомат,Передній привід,Кількість обмежена / Кредит до 3 років під 0%,Перевірений,https://cdn.riastatic.com/photosnewr/auto/new_auto_storage/opel-corsa__1210195-341x224x70.jpg,https://auto.ria.com/newauto/auto-opel-corsa-1860073.html
Opel Grandland X 2021 Enjoy 1.5D 8AT (130 к.с) Start/Stop,26762,730360,Хмельницький,Дизель (1.5 л),Автомат,Передній привід,Кількість обмежена / Кредит до 3 років під 0%,Перевірений,https://cdn.riastatic.com/photosnewr/auto/new_auto_storage/opel-grandland-x__739997-341x224x70.jpg,https://auto.ria.com/newauto/auto-opel-grandland-x-1861105.html
Opel Grandland X 2021 Innovation 1.5D 8AT (130 к.с) Start/Stop,30630,835910,Миколаїв,Дизель (1.5 л),Автомат,Передній привід,Кредит до 3 років під 0%,Перевірений,https://cdn.riastatic.com/photosnewr/auto/new_auto_storage/opel-grandland-x__1241820-341x224x70.jpg,https://auto.ria.com/newauto/auto-opel-grandland-x-1861691.html
Opel Grandland X 2020 Enjoy 1.5D 6AT (130 к.с) Start/Stop,25513,696260,Кропивницький (Кіровоград),Дизель (1.5 л),Автомат,Передній привід,Кількість обмежена / Кредит до 3 років під 0%,Перевірений,https://cdn.riastatic.com/photosnewr/auto/new_auto_storage/opel-grandland-x__1175464-341x224x70.jpg,https://auto.ria.com/newauto/auto-opel-grandland-x-1858325.html
Opel Grandland X 2021 Enjoy 1.5D 6MT (130 к.с) Start/Stop,23657,245,Кропивницький (Кіровоград),Дизель (1.5 л),Механічна,Передній привід,Ціну знижено / Краща ціна / Кредит до 3 років під 0%,Перевірений,https://cdn.riastatic.com/photosnewr/auto/new_auto_storage/opel-grandland-x__1238281-341x224x70.jpg,https://auto.ria.com/newauto/auto-opel-grandland-x-1861531.html
Opel Movano груз. 2020 2.3TD МТ (125 к.с) L2H2 3500 FWD,30414,311,Кропивницький (Кіровоград),Дизель (2.3 л),Механічна,Передній привід,Ціну знижено / Краща ціна / Кількість обмежена / Кредит до 3 років під 0%,Перевірений,https://cdn.riastatic.com/photosnewr/auto/new_auto_storage/opel-movano-gruz__1119762-341x224x70.jpg,https://auto.ria.com/newauto/auto-opel-movano-gruz-1855634.html
Opel Vivaro груз. 2021 Essentia Crew Cab 2.0 BlueHDi MT (150 к.с) L2,39428,1076000,Харків,Дизель (2.0 л),Механічна,Передній привід,Кількість обмежена / Кредит до 3 років під 0%,Перевірений,https://cdn.riastatic.com/photosnewr/auto/new_auto_storage/opel-vivaro-gruz__1209438-341x224x70.jpg,https://auto.ria.com/newauto/auto-opel-vivaro-gruz-1860048.html
Opel Grandland X 2021 Innovation 1.5D 8AT (130 к.с) Start/Stop,29152,795580,Хмельницький,Дизель (1.5 л),Автомат,Передній привід,Кредит до 3 років під 0% / Під замовлення - 14 днів,Перевірений,https://cdn.riastatic.com/photosnewr/auto/new_auto_storage/opel-grandland-x__1062595-341x224x70.jpg,https://auto.ria.com/newauto/auto-opel-grandland-x-1852119.html
Opel Grandland X 2021 Enjoy 1.5D 6MT (130 к.с) Start/Stop,24597,671260,Хмельницький,Дизель (1.5 л),Механічна,Передній привід,Кредит до 3 років під 0% / Під замовлення - 10 днів,Перевірений,https://cdn.riastatic.com/photosnewr/auto/new_auto_storage/opel-grandland-x__739997-341x224x70.jpg,https://auto.ria.com/newauto/auto-opel-grandland-x-1851609.html
Opel Corsa 2021 Elegance 1.2 PureTech AT (101 к.с),19864,542100,Кропивницький (Кіровоград),Бензин (1.2 л),Автомат,Передній привід,Кредит до 3 років під 0%,Перевірений,https://cdn.riastatic.com/photosnewr/auto/new_auto_storage/opel-corsa__1261346-341x224x70.jpg,https://auto.ria.com/newauto/auto-opel-corsa-1860840.html
Opel Grandland X 2020 Innovation 1.5D 8AT (130 к.с) Start/Stop,30762,839500,Херсон,Дизель (1.5 л),Автомат,Передній привід,Кредит до 3 років під 0%,Перевірений,https://cdn.riastatic.com/photosnewr/auto/new_auto_storage/opel-grandland-x__1032629-341x224x70.jpg,https://auto.ria.com/newauto/auto-opel-grandland-x-1850640.html
Opel Grandland X 2021 Innovation 1.5D 8AT (130 к.с) Start/Stop,28860,787600,Кропивницький (Кіровоград),Дизель (1.5 л),Автомат,Передній привід,Краща ціна / Кредит до 3 років під 0%,Перевірений,https://cdn.riastatic.com/photosnewr/auto/new_auto_storage/opel-grandland-x__1175446-341x224x70.jpg,https://auto.ria.com/newauto/auto-opel-grandland-x-1858324.html
Opel Corsa 2021 Edition Direct Injection 1.2 MT (75 к.с),15698,428400,Харків,Бензин (1.2 л),Механічна,Передній привід,Кредит до 3 років під 0% / Під замовлення - 7 днів,Перевірений,https://cdn.riastatic.com/photosnewr/auto/new_auto_storage/opel-corsa__1209411-341x224x70.jpg,https://auto.ria.com/newauto/auto-opel-corsa-1860046.html
Opel Corsa 2021 Elegance Direct Injection Turbo 1.2 AT (100 к.с),20630,563000,Черкаси,Бензин (1.2 л),Автомат,Передній привід,Кількість обмежена / Кредит до 3 років під 0%,Перевірений,https://cdn.riastatic.com/photosnewr/auto/new_auto_storage/opel-corsa__1235540-341x224x70.jpg,https://auto.ria.com/newauto/auto-opel-corsa-1861392.html
Opel Movano груз. 2021 2.3TD МТ (125 к.с) L2H2 3500 FWD,33711,920000,Черкаси,Дизель (2.3 л),Механічна,Передній привід,Кількість обмежена / Кредит до 3 років під 0%,Перевірений,https://cdn.riastatic.com/photosnewr/auto/new_auto_storage/opel-movano-gruz__323285-341x224x70.jpg,https://auto.ria.com/newauto/auto-opel-movano-gruz-1862997.html
Opel Corsa 2021 Elegance 1.2 PureTech AT (101 к.с),19029,519300,Харків,Бензин (1.2 л),Автомат,Передній привід,Кредит до 3 років під 0%,Перевірений,https://cdn.riastatic.com/photosnewr/auto/new_auto_storage/opel-corsa__1209244-341x224x70.jpg,https://auto.ria.com/newauto/auto-opel-corsa-1860039.html
Opel Mokka 2021 Base 1.2 PureTech MT (101 к.с),21656,591000,Харків,Бензин (1.2 л),Механічна,Передній привід,Кредит до 3 років під 0% / Під замовлення - 21 днів,Перевірений,https://cdn.riastatic.com/photosnewr/auto/new_auto_storage/opel-mokka__1255750-341x224x70.jpg,https://auto.ria.com/newauto/auto-opel-mokka-1862389.html
Opel Vivaro груз. 2021 Essentia 2.0 BlueHDi MT (150 к.с) L2,32502,887000,Харків,Дизель (2.0 л),Механічна,Передній привід,Краща ціна / Остання пропозиція / Кредит до 3 років під 0%,Перевірений,https://cdn.riastatic.com/photosnewr/auto/new_auto_storage/opel-vivaro-gruz__1209241-341x224x70.jpg,https://auto.ria.com/newauto/auto-opel-vivaro-gruz-1860038.html
Opel Combo Cargo 2021 Essentia 1.6 HDi MT (92 к.с) L1 (650),18248,498000,Харків,Дизель (1.6 л),Механічна,Передній привід,Кредит до 3 років під 0% / Під замовлення - 21 днів,Перевірений,https://cdn.riastatic.com/photosnewr/auto/new_auto_storage/opel-combo-cargo__834520-341x224x70.jpg,https://auto.ria.com/newauto/auto-opel-combo-cargo-1836713.html
Opel Combo Life 2020 Enjoy 1.5 BlueHDi AT (130 к.с) L2 S/S,26626,726630,Запоріжжя,Дизель (1.5 л),Автомат,Передній привід,Кількість обмежена / Кредит до 3 років під 0%,Перевірений,https://cdn.riastatic.com/photosnewr/auto/new_auto_storage/opel-combo-life__1014118-341x224x70.jpg,https://auto.ria.com/newauto/auto-opel-combo-life-1849435.html
Opel Corsa 2021 Elegance Direct Injection Turbo 1.2 AT (100 к.с),20150,549900,Миколаїв,Бензин (1.2 л),Автомат,Передній привід,Кількість обмежена / Кредит до 3 років під 0%,Перевірений,https://cdn.riastatic.com/photosnewr/auto/new_auto_storage/opel-corsa__1240424-341x224x70.jpg,https://auto.ria.com/newauto/auto-opel-corsa-1861634.html
Opel Grandland X 2020 Enjoy 1.5D 6MT (130 к.с) Start/Stop,23853,650970,Запоріжжя,Дизель (1.5 л),Механічна,Передній привід,Кредит до 3 років під 0%,Перевірений,https://cdn.riastatic.com/photosnewr/auto/new_auto_storage/opel-grandland-x__996131-341x224x70.jpg,https://auto.ria.com/newauto/auto-opel-grandland-x-1848290.html
Opel Mokka 2021 Base 1.2 PureTech MT (101 к.с),21656,591000,Харків,Бензин (1.2 л),Механічна,Передній привід,Кредит до 3 років під 0% / Під замовлення - 21 днів,Перевірений,https://cdn.riastatic.com/photosnewr/auto/new_auto_storage/opel-mokka__1255758-341x224x70.jpg,https://auto.ria.com/newauto/auto-opel-mokka-1862390.html
Opel Mokka 2021 Elegance 1.2 PureTech MT (101 к.с),21677,591580,Київ,Бензин (1.2 л),Механічна,Передній привід,Кількість обмежена / Кредит до 3 років під 0%,Перевірений,https://cdn.riastatic.com/photosnewr/auto/new_auto_storage/opel-mokka__1269437-341x224x70.jpg,https://auto.ria.com/newauto/auto-opel-mokka-1862947.html
Opel Crossland 2021 Edition Direct Injection 1.2 MT (82 к.с),18898,515740,Миколаїв,Бензин (1.2 л),Механічна,Передній привід,Кількість обмежена / Кредит до 3 років під 0%,Перевірений,https://cdn.riastatic.com/photosnewr/auto/new_auto_storage/opel-crossland__1241719-341x224x70.jpg,https://auto.ria.com/newauto/auto-opel-crossland-1861687.html
Opel Corsa 2021 Elegance 1.2 PureTech AT (101 к.с),20667,564000,Черкаси,Бензин (1.2 л),Автомат,Передній привід,Кредит до 3 років під 0%,Перевірений,https://cdn.riastatic.com/photosnewr/auto/new_auto_storage/opel-corsa__1235545-341x224x70.jpg,https://auto.ria.com/newauto/auto-opel-corsa-1855834.html
Opel Grandland X 2021 Enjoy 1.5D 8AT (130 к.с) Start/Stop,27503,750560,Київ,Дизель (1.5 л),Автомат,Передній привід,Кількість обмежена / Кредит до 3 років під 0%,Перевірений,https://cdn.riastatic.com/photosnewr/auto/new_auto_storage/opel-grandland-x__1236353-341x224x70.jpg,https://auto.ria.com/newauto/auto-opel-grandland-x-1861584.html
Opel Corsa 2020 Elegance 1.2 PureTech STT AT (130 к.с),21785,594520,Запоріжжя,Бензин (1.2 л),Автомат,Передній привід,Кількість обмежена / Кредит до 3 років під 0%,Перевірений,https://cdn.riastatic.com/photosnewr/auto/new_auto_storage/opel-corsa__1126659-341x224x70.jpg,https://auto.ria.com/newauto/auto-opel-corsa-1855909.html
Opel Grandland X 2021 Enjoy 1.5D 6MT (130 к.с) Start/Stop,24587,671000,Кропивницький (Кіровоград),Дизель (1.5 л),Механічна,Передній привід,Кредит до 3 років під 0%,Перевірений,https://cdn.riastatic.com/photosnewr/auto/new_auto_storage/opel-grandland-x__1113366-341x224x70.jpg,https://auto.ria.com/newauto/auto-opel-grandland-x-1863137.html
Opel Mokka 2021 Base 1.2 PureTech MT (101 к.с),20974,572400,Кропивницький (Кіровоград),Бензин (1.2 л),Механічна,Передній привід,Краща ціна / Остання пропозиція / Кредит до 3 років під 0%,Перевірений,https://cdn.riastatic.com/photosnewr/auto/new_auto_storage/opel-mokka__1255640-341x224x70.jpg,https://auto.ria.com/newauto/auto-opel-mokka-1862384.html
Opel Combo Life 2020 Enjoy 1.5 BlueHDi AT (130 к.с) L2 S/S,26786,731010,Київ,Дизель (1.5 л),Автомат,Передній привід,Кількість обмежена / Кредит до 3 років під 0%,Перевірений,https://cdn.riastatic.com/photosnewr/auto/new_auto_storage/opel-combo-life__915348-341x224x70.jpg,https://auto.ria.com/newauto/auto-opel-combo-life-1842751.html
Opel Grandland X 2021 Enjoy 1.5D 6MT (130 к.с) Start/Stop,24597,671260,Хмельницький,Дизель (1.5 л),Механічна,Передній привід,Кредит до 3 років під 0% / Під замовлення - 30 днів,Перевірений,https://cdn.riastatic.com/photosnewr/auto/new_auto_storage/opel-grandland-x__562769-341x224x70.jpg,https://auto.ria.com/newauto/auto-opel-grandland-x-1784664.html
Opel Grandland X 2020 Enjoy 1.5D 6MT (130 к.с) Start/Stop,23853,650970,Запоріжжя,Дизель (1.5 л),Механічна,Передній привід,Кредит до 3 років під 0%,Перевірений,https://cdn.riastatic.com/photosnewr/auto/new_auto_storage/opel-grandland-x__998947-341x224x70.jpg,https://auto.ria.com/newauto/auto-opel-grandland-x-1848435.html
Opel Grandland X 2021 Innovation 1.5D 8AT (130 к.с) Start/Stop,29149,795500,Харків,Дизель (1.5 л),Автомат,Передній привід,Кредит до 3 років під 0% / Під замовлення - 7 днів,Перевірений,https://cdn.riastatic.com/photosnewr/auto/new_auto_storage/opel-grandland-x__974757-341x224x70.jpg,https://auto.ria.com/newauto/auto-opel-grandland-x-1820366.html
Opel Crossland X 2020 Enjoy 1.2 MT (82 к.с),18069,493100,Запоріжжя,Бензин (1.2 л),Механічна,Передній привід,Кредит до 3 років під 0%,Перевірений,https://cdn.riastatic.com/photosnewr/auto/new_auto_storage/opel-crossland-x__1122404-341x224x70.jpg,https://auto.ria.com/newauto/auto-opel-crossland-x-1855740.html
Opel Crossland X 2020 Enjoy 1.2 MT (82 к.с),17818,486250,Запоріжжя,Бензин (1.2 л),Механічна,Передній привід,Кредит до 3 років під 0%,Перевірений,https://cdn.riastatic.com/photosnewr/auto/new_auto_storage/opel-crossland-x__1126684-341x224x70.jpg,https://auto.ria.com/newauto/auto-opel-crossland-x-1855912.html
Opel Crossland X 2020 Innovation 1.2T AT (110 к.с),24097,657630,Запоріжжя,Бензин (1.2 л),Автомат,Передній привід,Кількість обмежена / Кредит до 3 років під 0%,Перевірений,https://cdn.riastatic.com/photosnewr/auto/new_auto_storage/opel-crossland-x__1095309-341x224x70.jpg,https://auto.ria.com/newauto/auto-opel-crossland-x-1854003.html
Opel Movano груз. 2020 2.3TD МТ (125 к.с) L2H2 3500 FWD,34063,929600,Запоріжжя,Дизель (2.3 л),Механічна,Передній привід,Кількість обмежена / Кредит до 3 років під 0%,Перевірений,https://cdn.riastatic.com/photosnewr/auto/new_auto_storage/opel-movano-gruz__1008400-341x224x70.jpg,https://auto.ria.com/newauto/auto-opel-movano-gruz-1849148.html
Opel Crossland 2021 Ultimate Direct Injection Turbo 1.2 AT (110 к.с),25485,695500,Харків,Бензин (1.2 л),Автомат,Передній привід,Краща ціна / Остання пропозиція / Кредит до 3 років під 0%,Перевірений,https://cdn.riastatic.com/photosnewr/auto/new_auto_storage/opel-crossland__1266970-341x224x70.jpg,https://auto.ria.com/newauto/auto-opel-crossland-1862851.html
Opel Grandland X 2021 Innovation 1.5D 8AT (130 к.с) Start/Stop,29323,800230,Хмельницький,Дизель (1.5 л),Автомат,Передній привід,Кредит до 3 років під 0% / Під замовлення - 34 днів,Перевірений,https://cdn.riastatic.com/photosnewr/auto/new_auto_storage/opel-grandland-x__561919-341x224x70.jpg,https://auto.ria.com/newauto/auto-opel-grandland-x-1784636.html
Opel Corsa 2021 GS Line 1.2 PureTech STT AT (130 к.с),24323,663790,Київ,Бензин (1.2 л),Автомат,Передній привід,Кількість обмежена / Кредит до 3 років під 0%,Перевірений,https://cdn.riastatic.com/photosnewr/auto/new_auto_storage/opel-corsa__1239778-341x224x70.jpg,https://auto.ria.com/newauto/auto-opel-corsa-1861598.html
Opel Mokka 2021 Elegance 1.2 PureTech AT (130 к.с),24869,678680,Київ,Бензин (1.2 л),Автомат,Передній привід,Кількість обмежена / Кредит до 3 років під 0%,Перевірений,https://cdn.riastatic.com/photosnewr/auto/new_auto_storage/opel-mokka__1282980-341x224x70.jpg,https://auto.ria.com/newauto/auto-opel-mokka-1863542.html
Opel Corsa 2021 Edition Direct Injection 1.2 MT (75 к.с),16848,459800,Київ,Бензин (1.2 л),Механічна,Передній привід,Краща ціна / Остання пропозиція / Кредит до 3 років під 0%,Перевірений,https://cdn.riastatic.com/photosnewr/auto/new_auto_storage/opel-corsa__1239648-341x224x70.jpg,https://auto.ria.com/newauto/auto-opel-corsa-1861588.html
Opel Combo груз. 2020 Increased 1.6D MT (105 к.с) L2H1,19875,542400,Запоріжжя,Дизель (1.6 л),Механічна,Передній привід,Краща ціна / Остання пропозиція / Кредит до 3 років під 0%,Перевірений,https://cdn.riastatic.com/photosnewr/auto/new_auto_storage/opel-combo-gruz__847350-341x224x70.jpg,https://auto.ria.com/newauto/auto-opel-combo-gruz-1837774.html
Opel Grandland X 2021 Innovation 1.5D 8AT (130 к.с) Start/Stop,29323,800230,Хмельницький,Дизель (1.5 л),Автомат,Передній привід,Кредит до 3 років під 0% / Під замовлення - 34 днів,Перевірений,https://cdn.riastatic.com/photosnewr/auto/new_auto_storage/opel-grandland-x__1210956-341x224x70.jpg,https://auto.ria.com/newauto/auto-opel-grandland-x-1860111.html
Opel Grandland X 2021 Enjoy 1.5D 6MT (130 к.с) Start/Stop,24597,671260,Хмельницький,Дизель (1.5 л),Механічна,Передній привід,Кредит до 3 років під 0% / Під замовлення - 100 днів,Перевірений,https://cdn.riastatic.com/photosnewr/auto/new_auto_storage/opel-grandland-x__767164-341x224x70.jpg,https://auto.ria.com/newauto/auto-opel-grandland-x-1832834.html
Opel Grandland X 2021 Innovation 1.5D 8AT (130 к.с) Start/Stop,29152,795580,Хмельницький,Дизель (1.5 л),Автомат,Передній привід,Кредит до 3 років під 0% / Під замовлення - 35 днів,Перевірений,https://cdn.riastatic.com/photosnewr/auto/new_auto_storage/opel-grandland-x__629481-341x224x70.jpg,https://auto.ria.com/newauto/auto-opel-grandland-x-1811801.html
Opel Grandland X 2020 Enjoy 1.5D 6MT (130 к.с) Start/Stop,24979,681700,Запоріжжя,Дизель (1.5 л),Механічна,Передній привід,Кредит до 3 років під 0%,Перевірений,https://cdn.riastatic.com/photosnewr/auto/new_auto_storage/opel-grandland-x__853130-341x224x70.jpg,https://auto.ria.com/newauto/auto-opel-grandland-x-1838105.html
Opel Grandland X 2020 Innovation 1.5D 8AT (130 к.с) Start/Stop,31176,850810,Запоріжжя,Дизель (1.5 л),Автомат,Передній привід,Кредит до 3 років під 0%,Перевірений,https://cdn.riastatic.com/photosnewr/auto/new_auto_storage/opel-grandland-x__853245-341x224x70.jpg,https://auto.ria.com/newauto/auto-opel-grandland-x-1838109.html
Opel Mokka 2021 Base 1.2 PureTech AT (130 к.с),24137,658700,Кропивницький (Кіровоград),Бензин (1.2 л),Автомат,Передній привід,Кількість обмежена / Кредит до 3 років під 0%,Перевірений,https://cdn.riastatic.com/photosnewr/auto/new_auto_storage/opel-mokka__1260119-341x224x70.jpg,https://auto.ria.com/newauto/auto-opel-mokka-1862591.html
Opel Mokka 2021 Elegance 1.2 PureTech AT (130 к.с),24375,665200,Хмельницький,Бензин (1.2 л),Автомат,Передній привід,Кредит до 3 років під 0% / Під замовлення - 20 днів,Перевірений,https://cdn.riastatic.com/photosnewr/auto/new_auto_storage/opel-mokka__1273241-341x224x70.jpg,https://auto.ria.com/newauto/auto-opel-mokka-1863117.html
Opel Corsa 2021 GS Line 1.2 PureTech STT AT (130 к.с),24323,663790,Київ,Бензин (1.2 л),Автомат,Передній привід,Кількість обмежена / Кредит до 3 років під 0%,Перевірений,https://cdn.riastatic.com/photosnewr/auto/new_auto_storage/opel-corsa__1239726-341x224x70.jpg,https://auto.ria.com/newauto/auto-opel-corsa-1861594.html
Opel Movano груз. 2021 2.3TD МТ (145 к.с) Start/Stop L2H2 3500 FWD,34485,941100,Київ,Дизель (2.3 л),Механічна,Передній привід,Краща ціна / Остання пропозиція / Кредит до 3 років під 0%,Перевірений,https://cdn.riastatic.com/photosnewr/auto/new_auto_storage/opel-movano-gruz__995316-341x224x70.jpg,https://auto.ria.com/newauto/auto-opel-movano-gruz-1848196.html
Opel Movano груз. 2020 L3H2 2.3DT МТ (125 к.с) FWD,32136,877000,Харків,Дизель (2.3 л),Механічна,Передній привід,Краща ціна / Остання пропозиція / Кредит до 3 років під 0%,Перевірений,https://cdn.riastatic.com/photosnewr/auto/new_auto_storage/opel-movano-gruz__986543-341x224x70.jpg,https://auto.ria.com/newauto/auto-opel-movano-gruz-1847711.html
Opel Corsa 2021 Elegance Direct Injection Turbo 1.2 AT (100 к.с),20064,547550,Хмельницький,Бензин (1.2 л),Автомат,Передній привід,Кредит до 3 років під 0% / Під замовлення - 20 днів,Перевірений,https://cdn.riastatic.com/photosnewr/auto/new_auto_storage/opel-corsa__1201661-341x224x70.jpg,https://auto.ria.com/newauto/auto-opel-corsa-1859689.html
Opel Mokka 2021 Elegance 1.2 PureTech MT (101 к.с),20824,568300,Хмельницький,Бензин (1.2 л),Механічна,Передній привід,Краща ціна / Кількість обмежена / Кредит до 3 років під 0%,Перевірений,https://cdn.riastatic.com/photosnewr/auto/new_auto_storage/opel-mokka__1267349-341x224x70.jpg,https://auto.ria.com/newauto/auto-opel-mokka-1862867.html
Opel Combo Cargo 2021 Essentia 1.6 HDi MT (92 к.с) L1 (650),17585,479900,Кропивницький (Кіровоград),Дизель (1.6 л),Механічна,Передній привід,Краща ціна / Кількість обмежена / Кредит до 3 років під 0%,Перевірений,https://cdn.riastatic.com/photosnewr/auto/new_auto_storage/opel-combo-cargo__1180948-341x224x70.jpg,https://auto.ria.com/newauto/auto-opel-combo-cargo-1858542.html
Opel Combo Cargo 2021 Essentia 1.6 HDi MT (92 к.с) L2 (950),19787,540000,Кропивницький (Кіровоград),Дизель (1.6 л),Механічна,Передній привід,Краща ціна / Кількість обмежена / Кредит до 3 років під 0%,Перевірений,https://cdn.riastatic.com/photosnewr/auto/new_auto_storage/opel-combo-cargo__1158338-341x224x70.jpg,https://auto.ria.com/newauto/auto-opel-combo-cargo-1857526.html
Opel Grandland X 2021 Enjoy 1.5D 8AT (130 к.с) Start/Stop,26306,717900,Хмельницький,Дизель (1.5 л),Автомат,Передній привід,Кредит до 3 років під 0% / Під замовлення - 59 днів,Перевірений,https://cdn.riastatic.com/photosnewr/auto/new_auto_storage/opel-grandland-x__715164-341x224x70.jpg,https://auto.ria.com/newauto/auto-opel-grandland-x-1823802.html
Opel Corsa 2021 Elegance Direct Injection Turbo 1.2 AT (100 к.с),20635,563130,Миколаїв,Бензин (1.2 л),Автомат,Передній привід,Кількість обмежена / Кредит до 3 років під 0%,Перевірений,https://cdn.riastatic.com/photosnewr/auto/new_auto_storage/opel-corsa__1240798-341x224x70.jpg,https://auto.ria.com/newauto/auto-opel-corsa-1861648.html
Opel Grandland X 2021 Enjoy 1.5D 8AT (130 к.с) Start/Stop,27503,750560,Київ,Дизель (1.5 л),Автомат,Передній привід,Кількість обмежена / Кредит до 3 років під 0%,Перевірений,https://cdn.riastatic.com/photosnewr/auto/new_auto_storage/opel-grandland-x__924361-341x224x70.jpg,https://auto.ria.com/newauto/auto-opel-grandland-x-1855128.html
Opel Crossland X 2021 Enjoy 1.2 MT (82 к.с),18796,512940,Запоріжжя,Бензин (1.2 л),Механічна,Передній привід,Кредит до 3 років під 0%,Перевірений,https://cdn.riastatic.com/photosnewr/auto/new_auto_storage/opel-crossland-x__1189362-341x224x70.jpg,https://auto.ria.com/newauto/auto-opel-crossland-x-1859025.html
Opel Crossland X 2021 Enjoy 1.2 MT (82 к.с),18296,499300,Запоріжжя,Бензин (1.2 л),Механічна,Передній привід,Кредит до 3 років під 0%,Перевірений,https://cdn.riastatic.com/photosnewr/auto/new_auto_storage/opel-crossland-x__1189321-341x224x70.jpg,https://auto.ria.com/newauto/auto-opel-crossland-x-1859023.html
Opel Zafira Life 2021 Business Innovation 2.0 BlueHDi AT (180 к.с) L2,59180,1615050,Запоріжжя,Дизель (2.0 л),Автомат,Передній привід,Кількість обмежена / Кредит до 3 років під 0%,Перевірений,https://cdn.riastatic.com/photosnewr/auto/new_auto_storage/opel-zafira-life__1189081-341x224x70.jpg,https://auto.ria.com/newauto/auto-opel-zafira-life-1859011.html
Opel Crossland 2021 Elegance Direct Injection Turbo 1.2 AT (110 к.с),24115,658120,Київ,Бензин (1.2 л),Автомат,Передній привід,Кількість обмежена / Кредит до 3 років під 0%,Перевірений,https://cdn.riastatic.com/photosnewr/auto/new_auto_storage/opel-crossland__1239642-341x224x70.jpg,https://auto.ria.com/newauto/auto-opel-crossland-1861587.html
Opel Grandland X 2020 Enjoy 1.5D 6MT (130 к.с) Start/Stop,24968,681390,Запоріжжя,Дизель (1.5 л),Механічна,Передній привід,Кредит до 3 років під 0%,Перевірений,https://cdn.riastatic.com/photosnewr/auto/new_auto_storage/opel-grandland-x__1095234-341x224x70.jpg,https://auto.ria.com/newauto/auto-opel-grandland-x-1848439.html
Opel Grandland X 2020 Enjoy 1.5D 6MT (130 к.с) Start/Stop,24151,659080,Запоріжжя,Дизель (1.5 л),Механічна,Передній привід,Кредит до 3 років під 0%,Перевірений,https://cdn.riastatic.com/photosnewr/auto/new_auto_storage/opel-grandland-x__1095119-341x224x70.jpg,https://auto.ria.com/newauto/auto-opel-grandland-x-1848804.html
Opel Combo Life 2021 Innovation 1.5 BlueHDi AT (130 к.с) L2 S/S,29334,800530,Запоріжжя,Дизель (1.5 л),Автомат,Передній привід,Краща ціна / Остання пропозиція / Кредит до 3 років під 0%,Перевірений,https://cdn.riastatic.com/photosnewr/auto/new_auto_storage/opel-combo-life__1189382-341x224x70.jpg,https://auto.ria.com/newauto/auto-opel-combo-life-1859026.html
Opel Mokka 2021 Base 1.2 PureTech AT (130 к.с),24093,657500,Харків,Бензин (1.2 л),Автомат,Передній привід,Краща ціна / Кількість обмежена / Кредит до 3 років під 0%,Перевірений,https://cdn.riastatic.com/photosnewr/auto/new_auto_storage/opel-mokka__1255783-341x224x70.jpg,https://auto.ria.com/newauto/auto-opel-mokka-1862882.html
Opel Grandland X 2020 Enjoy 1.5D 6MT (130 к.с) Start/Stop,25669,700530,Запоріжжя,Дизель (1.5 л),Механічна,Передній привід,Кредит до 3 років під 0%,Перевірений,https://cdn.riastatic.com/photosnewr/auto/new_auto_storage/opel-grandland-x__1006850-341x224x70.jpg,https://auto.ria.com/newauto/auto-opel-grandland-x-1849498.html
Opel Mokka 2021 Base 1.2 PureTech MT (101 к.с),21656,591000,Харків,Бензин (1.2 л),Механічна,Передній привід,Краща ціна / Остання пропозиція / Кредит до 3 років під 0%,Перевірений,https://cdn.riastatic.com/photosnewr/auto/new_auto_storage/opel-mokka__1249673-341x224x70.jpg,https://auto.ria.com/newauto/auto-opel-mokka-1860586.html
